nome.empresa,setor,subsetor,segmento,patrimonio.liquido,lucro.liquido,atividades.operacionais,total.acoes,mil
ADVANCED DIGITAL HEALTH MEDICINA PREVENTIVA S.A.,Saúde, Serv.Méd.Hospit..Análises e Diagnósticos , Serv.Méd.Hospit..Análises e Diagnósticos,-17283000,-2699000,0,1724272,TRUE
AES TIETE ENERGIA SA,Utilidade Pública, Energia Elétrica , Energia Elétrica,1466649000,97452000,344262000,1489623772,TRUE
AFLUENTE TRANSMISSÃO DE ENERGIA ELÉTRICA S/A,Utilidade Pública, Energia Elétrica , Energia Elétrica,208222000,12468000,13243000,862287,TRUE
ALEF S.A.,Outros, Outros , Outros,114009,-103674,-102944,3,FALSE
ALFA HOLDINGS S.A.,Financeiro, Intermediários Financeiros , Bancos,975533000,17400000,-1146000,20917946,TRUE
ALGAR TELECOM S/A,Telecomunicações, Telecomunicações , Telecomunicações,1626672000,219879000,427710000,81911749,TRUE
ALIANSCE SHOPPING CENTERS S.A.,Financeiro, Exploração de Imóveis , Exploração de Imóveis,2646744000,69802000,179911000,101072936,TRUE
ALIANSCE SONAE SHOPPING CENTERS S.A.,Financeiro, Exploração de Imóveis , Exploração de Imóveis,3939428000,98876000,111279000,100529456,TRUE
ALPARGATAS S.A.,Consumo Cíclico, Tecidos. Vestuário e Calçados , Calçados,2528955000,72565000,313622000,198398386,TRUE
ALPER CONSULTORIA E CORRETORA DE SEGUROS S.A.,Financeiro, Previdência e Seguros , Corretoras de Seguros,97602000,4475000,6244000,5576892,TRUE
ALTERE SECURITIZADORA S.A.,Financeiro, Securitizadoras de Recebíveis , Securitizadoras de Recebíveis,63000,17000,12000,36218984,TRUE
ALUPAR INVESTIMENTO S/A,Utilidade Pública, Energia Elétrica , Energia Elétrica,7063486000,891793000,190750000,420644774,TRUE
AMBEV S.A.,Consumo não Cíclico, Bebidas , Cervejas e Refrigerantes,62928776000,5364969000,5194219000,4344066764,TRUE
AMPLA ENERGIA E SERVICOS S.A.,Utilidade Pública, Energia Elétrica , Energia Elétrica,3550902000,50073000,-42738000,442934,TRUE
ANDRADE GUTIERREZ PARTICIPACOES S.A.,Financeiro, Holdings Diversificadas , Holdings Diversificadas,-306201000,-34283000,11588000,1292396406,TRUE
ANIMA HOLDING S.A.,Consumo Cíclico, Diversos , Serviços Educacionais,686449000,21205000,64778000,40044039,TRUE
AREZZO INDÚSTRIA E COMÉRCIO S.A.,Consumo Cíclico, Comércio , Tecidos. Vestuário e Calçados,678848000,63709000,84103000,44066233,TRUE
ATACADÃO S.A.,Consumo não Cíclico, Comércio e Distribuição , Alimentos,14004000000,78000000,-2666000000,384888219,TRUE
ATOM EMPREENDIMENTOS E PARTICIPAÇÕES S.A.,Outros, Outros , Outros,4451000,1431000,3435000,6338837,TRUE
AZEVEDO E TRAVASSOS S.A.,Bens Industriais, Construção e Engenharia , Construção Pesada,-101375000,-23021000,8544000,3445225,TRUE
AZUL S.A.,Bens Industriais, Transporte , Transporte Aéreo,-88430000,483171000,966210000,623588376,TRUE
B2W - COMPANHIA DIGITAL,Consumo Cíclico, Comércio , Produtos Diversos,3257816000,-266810000,-374424000,168886962,TRUE
B3 S.A. - BRASIL. BOLSA. BALCÃO,Financeiro, Serviços Financeiros Diversos , Serviços Financeiros Diversos,25346178000,1260667000,-73435000,2047569597,TRUE
BAHEMA EDUCAÇÃO S.A.,Consumo Cíclico, Diversos , Serviços Educacionais,53855000,-5641000,-2407000,452905,TRUE
BANCO INTER S.A.,Financeiro, Intermediários Financeiros , Bancos,972651000,45002000,311450000,378638946,TRUE
BANESTES S.A. - BCO EST ESPIRITO SANTO,Financeiro, Intermediários Financeiros , Bancos,1530907000,108993000,1161811000,13309111,TRUE
BARDELLA S.A. INDUSTRIAS MECANICAS,Bens Industriais, Máquinas e Equipamentos , Máq. e Equip. Industriais,106730000,-95862000,-18263000,1230086,TRUE
BATTISTELLA ADM PARTICIPACOES S.A.,Financeiro, Holdings Diversificadas , Holdings Diversificadas,4832000,4414000,4037000,2329491,TRUE
BAUMER S.A.,Saúde, Equipamentos , Equipamentos,108062000,3406000,8273000,2599475,TRUE
BB SEGURIDADE PARTICIPAÇÕES S.A.,Financeiro, Previdência e Seguros , Seguradoras,7119372000,2092151000,840499000,671601167,TRUE
BBM LOGISTICA S.A.,Bens Industriais, Serviços , Serviços Diversos,102511000,1679000,20706000,0,TRUE
BCO ABC BRASIL S.A.,Financeiro, Intermediários Financeiros , Bancos,3882219000,252279000,2672965000,75245599,TRUE
BCO ALFA DE INVESTIMENTO S.A.,Financeiro, Intermediários Financeiros , Bancos,1463448000,28035000,136354000,20024233,TRUE
BCO AMAZONIA S.A.,Financeiro, Intermediários Financeiros , Bancos,2008888000,59191000,875941000,1071910,TRUE
BCO BRADESCO S.A.,Financeiro, Intermediários Financeiros , Bancos,133636476000,11862521000,-7165048000,5013073404,TRUE
BCO BRASIL S.A.,Financeiro, Intermediários Financeiros , Bancos,91685951000,8119872000,46151816000,1332879313,TRUE
BCO BTG PACTUAL S.A.,Financeiro, Intermediários Financeiros , Bancos,20379252000,1671327000,13428126000,582260781,TRUE
BCO ESTADO DE SERGIPE S.A. - BANESE,Financeiro, Intermediários Financeiros , Bancos,364551000,41360000,100569000,1548736,TRUE
BCO ESTADO DO PARA S.A.,Financeiro, Intermediários Financeiros , Bancos,1280963000,149390000,599964000,2083,TRUE
BCO ESTADO DO RIO GRANDE DO SUL S.A.,Financeiro, Intermediários Financeiros , Bancos,7518309000,655348000,386995000,206997365,TRUE
BCO INDUSVAL S.A.,Financeiro, Intermediários Financeiros , Bancos,318706000,-77230000,-459719000,4587338,TRUE
BCO MERCANTIL DE INVESTIMENTOS S.A.,Financeiro, Intermediários Financeiros , Bancos,119372000,251000,26431000,409047,TRUE
BCO MERCANTIL DO BRASIL S.A.,Financeiro, Intermediários Financeiros , Bancos,850253000,52071000,307669000,25266184,TRUE
BCO NORDESTE DO BRASIL S.A.,Financeiro, Intermediários Financeiros , Bancos,4727782000,744777000,3063509000,604527,TRUE
BCO PAN S.A.,Financeiro, Intermediários Financeiros , Bancos,4226556000,213814000,-12292000,189246811,TRUE
BCO PATAGONIA S.A.,Financeiro, Intermediários Financeiros , Bancos,2322738000,466959000,-438435000,141028367,TRUE
BCO PINE S.A.,Financeiro, Intermediários Financeiros , Bancos,807638000,-70640000,-1121059000,34505893,TRUE
BCO SANTANDER (BRASIL) S.A.,Financeiro, Intermediários Financeiros , Bancos,96580373000,7161483000,11108941000,752259737,TRUE
BETA SECURITIZADORA S.A.,Financeiro, Securitizadoras de Recebíveis , Securitizadoras de Recebíveis,832000,19000,7000,10995705,TRUE
BETAPART PARTICIPACOES S.A.,Outros, Outros , Outros,921000,-95000,-80000,3,TRUE
BICICLETAS MONARK S.A.,Consumo Cíclico, Viagens e Lazer , Bicicletas,186953000,1008000,1033000,137474,TRUE
BIOMM S.A.,Saúde, Medicamentos e Outros Produtos , Medicamentos e Outros Produtos,79133000,-28737000,-25983000,13783125,TRUE
BIOSEV S.A.,Consumo não Cíclico, Alimentos Processados , Açucar e Alcool,383310000,-168894000,-471776000,61163399,TRUE
BIOTOSCANA INVESTMENTS S.A.,Saúde, Medicamentos e Outros Produtos , Medicamentos e Outros Produtos,764531357,15891571,2002136,50467851,FALSE
BK BRASIL OPERAÇÃO E ASSESSORIA A RESTAURANTES SA,Consumo Cíclico, Hoteis e Restaurantes , Restaurante e Similares,1764909000,1784000,25847000,225793788,TRUE
BNDES PARTICIPACOES S.A. - BNDESPAR,Financeiro, Serviços Financeiros Diversos , Gestão de Recursos e Investimentos,101146413000,5041131000,8368647000,0,TRUE
BOMBRIL S.A.,Consumo não Cíclico, Produtos de Uso Pessoal e de Limpeza , Produtos de Limpeza,-265638000,-24249000,41828000,26106628,TRUE
BR MALLS PARTICIPACOES S.A.,Financeiro, Exploração de Imóveis , Exploração de Imóveis,11527918000,616209000,397016000,840057819,TRUE
BR PROPERTIES S.A.,Financeiro, Exploração de Imóveis , Exploração de Imóveis,5763987000,-110813000,129885000,117801430,TRUE
BRADESCO LEASING S.A. ARREND MERCANTIL,Financeiro, Intermediários Financeiros , Soc. Arrendamento Mercantil,3449840000,113391000,-273509000,0,TRUE
BRADESPAR S.A.,Materiais Básicos, Mineração , Minerais Metálicos,9553065000,-376643000,107402000,248589018,TRUE
BRASIL BROKERS PARTICIPACOES S.A.,Financeiro, Exploração de Imóveis , Intermediação Imobiliária,204070000,-14617000,-18957000,35480938,TRUE
BRASILAGRO - CIA BRAS DE PROP AGRICOLAS,Consumo não Cíclico, Agropecuária , Agricultura,888380000,140076000,-6095000,30490748,TRUE
BRASKEM S.A.,Materiais Básicos, Químicos , Petroquímicos,8041460000,1453920000,546175000,278039723,TRUE
BRAZIL REALTY CIA SECURIT. CRÉD. IMOBILIÁRIOS,Financeiro, Securitizadoras de Recebíveis , Securitizadoras de Recebíveis,-53290,-129205,-96052,0,FALSE
BRAZILIAN FINANCE E REAL ESTATE S.A.,Financeiro, Serviços Financeiros Diversos , Gestão de Recursos e Investimentos,179781000,7732000,2624000,0,TRUE
BRAZILIAN SECURITIES CIA SECURITIZACAO,Financeiro, Securitizadoras de Recebíveis , Securitizadoras de Recebíveis,222354000,455000,425000,0,TRUE
BRB BCO DE BRASILIA S.A.,Financeiro, Intermediários Financeiros , Bancos,1439394000,188543000,367392000,1142127,TRUE
BRC SECURITIZADORA S.A.,Financeiro, Securitizadoras de Recebíveis , Securitizadoras de Recebíveis,794551,271799,123824,453440,FALSE
BRF S.A.,Consumo não Cíclico, Alimentos Processados , Carnes e Derivados,7444886000,-687377000,605049000,811416229,TRUE
BRPR 55 SECURITIZADORA CRED IMOB S.A.,Financeiro, Securitizadoras de Recebíveis , Securitizadoras de Recebíveis,36103000,-1071000,3713000,5031024,TRUE
BRPR 56 SECURITIZADORA CRED IMOB S.A.,Financeiro, Securitizadoras de Recebíveis , Securitizadoras de Recebíveis,9394000,6193000,33583000,340063,TRUE
BRQ SOLUCOES EM INFORMATICA S.A.,Tecnologia da Informação, Programas e Serviços , Programas e Serviços,90669000,8412000,-526000,30515875,TRUE
BV LEASING - ARRENDAMENTO MERCANTIL S.A.,Financeiro, Intermediários Financeiros , Soc. Arrendamento Mercantil,964215000,-14298000,-263618000,510404,TRUE
CABINDA PARTICIPACOES S.A.,Outros, Outros , Outros,39000,-41000,-51000,7104000,TRUE
CACHOEIRA PAULISTA TRANSMISSORA ENERGIA S.A.,Utilidade Pública, Energia Elétrica , Energia Elétrica,147071000,11006000,23555000,76281111,TRUE
CACONDE PARTICIPACOES S.A.,Outros, Outros , Outros,29000,-41000,-51000,1839753,TRUE
CAMBUCI S.A.,Consumo Cíclico, Tecidos. Vestuário e Calçados , Calçados,41480000,7896000,-8198000,41980080,TRUE
CAMIL ALIMENTOS S.A.,Consumo não Cíclico, Alimentos Processados , Alimentos Diversos,2238772000,49794000,100186000,151919527,TRUE
CAPITALPART PARTICIPACOES S.A.,Outros, Outros , Outros,193632,-139690,-5950,933,FALSE
CCR S.A.,Bens Industriais, Transporte , Exploração de Rodovias,8521333000,694038000,2141814000,1115695556,TRUE
CCX CARVÃO DA COLÔMBIA S.A.,Outros, Outros , Outros,-49076000,-3369000,-3150000,744796,TRUE
CELULOSE IRANI S.A.,Materiais Básicos, Madeira e Papel , Papel e Celulose,305009000,-19134000,29140000,15028261,TRUE
CEMEPE INVESTIMENTOS S.A.,Outros, Outros , Outros,-5525000,-111000,-90000,35693,TRUE
CEMIG DISTRIBUICAO S.A.,Utilidade Pública, Energia Elétrica , Energia Elétrica,6209525000,1567167000,604413000,0,TRUE
CEMIG GERACAO E TRANSMISSAO S.A.,Utilidade Pública, Energia Elétrica , Energia Elétrica,5905849000,925713000,479496000,0,TRUE
CENTRAIS ELET BRAS S.A. - ELETROBRAS,Utilidade Pública, Energia Elétrica , Energia Elétrica,62790108000,6908288000,-1176219000,495771527,TRUE
CENTRAIS ELET DE SANTA CATARINA S.A.,Utilidade Pública, Energia Elétrica , Energia Elétrica,1926266000,119124000,193149000,29107626,TRUE
CENTRAIS ELET DO PARA S.A. - CELPA,Utilidade Pública, Energia Elétrica , Energia Elétrica,3105190000,99358000,405789000,77335252,TRUE
CENTRO DE IMAGEM DIAGNOSTICOS S.A.,Saúde, Serv.Méd.Hospit..Análises e Diagnósticos , Serv.Méd.Hospit..Análises e Diagnósticos,1307509000,23293000,97793000,46475090,TRUE
CESP - CIA ENERGETICA DE SAO PAULO,Utilidade Pública, Energia Elétrica , Energia Elétrica,6944187000,-162245000,100910000,196480054,TRUE
CIA BRASILEIRA DE DISTRIBUICAO,Consumo não Cíclico, Comércio e Distribuição , Alimentos,10728000000,598000000,-3975000000,156457345,TRUE
CIA CATARINENSE DE AGUAS E SANEAM.-CASAN,Utilidade Pública, água e Saneamento , água e Saneamento,1306803000,60798000,87649000,24187,TRUE
CIA CELG DE PARTICIPACOES - CELGPAR,Utilidade Pública, Energia Elétrica , Energia Elétrica,-1701383000,25057000,13967000,77810,TRUE
CIA DISTRIB DE GAS DO RIO DE JANEIRO-CEG,Utilidade Pública, Gás , Gás,1178831000,158853000,146859000,451373,TRUE
CIA ELETRICIDADE EST. DA BAHIA - COELBA,Utilidade Pública, Energia Elétrica , Energia Elétrica,4815555000,525609000,439704000,2777464,TRUE
CIA ENERGETICA DE BRASILIA,Utilidade Pública, Energia Elétrica , Energia Elétrica,602989000,52105000,185631000,2854274,TRUE
CIA ENERGETICA DE MINAS GERAIS - CEMIG,Utilidade Pública, Energia Elétrica , Energia Elétrica,18860292000,2912225000,1083269000,1208699885,TRUE
CIA ENERGETICA DE PERNAMBUCO - CELPE,Utilidade Pública, Energia Elétrica , Energia Elétrica,1591111000,81048000,153528000,7725191,TRUE
CIA ENERGETICA DO CEARA - COELCE,Utilidade Pública, Energia Elétrica , Energia Elétrica,2919701000,129965000,103794000,20202624,TRUE
CIA ENERGETICA DO MARANHAO - CEMAR,Utilidade Pública, Energia Elétrica , Energia Elétrica,2921513000,297040000,489596000,57285795,TRUE
CIA ENERGETICA DO RIO GDE NORTE - COSERN,Utilidade Pública, Energia Elétrica , Energia Elétrica,931570000,123003000,184473000,1902903,TRUE
CIA ESTADUAL DE DISTRIB ENER ELET-CEEE-D,Utilidade Pública, Energia Elétrica , Energia Elétrica,-2816969000,-464528000,19926000,3298838,TRUE
CIA ESTADUAL GER.TRANS.ENER.ELET-CEEE-GT,Utilidade Pública, Energia Elétrica , Energia Elétrica,2582793000,175882000,121791000,3298838,TRUE
CIA FERRO LIGAS DA BAHIA - FERBASA,Materiais Básicos, Siderurgia e Metalurgia , Siderurgia,1782229000,77848000,75521000,40471088,TRUE
CIA FIACAO TECIDOS CEDRO CACHOEIRA,Consumo Cíclico, Tecidos. Vestuário e Calçados , Fios e Tecidos,218262000,9561000,11134000,5378023,TRUE
CIA GAS DE SAO PAULO - COMGAS,Utilidade Pública, Gás , Gás,3284578000,562144000,972495000,6391282,TRUE
CIA HABITASUL DE PARTICIPACOES,Financeiro, Exploração de Imóveis , Exploração de Imóveis,251541000,-38553000,-80075000,3826275,TRUE
CIA HERING,Consumo Cíclico, Tecidos. Vestuário e Calçados , Vestuário,1375136000,87368000,135718000,125486566,TRUE
CIA INDUSTRIAL CATAGUASES,Consumo Cíclico, Tecidos. Vestuário e Calçados , Fios e Tecidos,112982000,-17127000,-2691000,44287,TRUE
CIA LOCAÇÃO DAS AMÉRICAS,Consumo Cíclico, Diversos , Aluguel de carros,2657554000,155674000,-878386000,72709385,TRUE
CIA MELHORAMENTOS DE SAO PAULO,Materiais Básicos, Madeira e Papel , Papel e Celulose,907454000,-12764000,7598000,755311,TRUE
CIA PARANAENSE DE ENERGIA - COPEL,Utilidade Pública, Energia Elétrica , Energia Elétrica,17181691000,852903000,1385338000,188626777,TRUE
CIA PARTICIPACOES ALIANCA DA BAHIA,Financeiro, Holdings Diversificadas , Holdings Diversificadas,527690000,26964000,19203000,5631319,TRUE
CIA PAULISTA DE FORCA E LUZ,Utilidade Pública, Energia Elétrica , Energia Elétrica,1888680000,376319000,673548000,0,TRUE
CIA PIRATININGA DE FORCA E LUZ,Utilidade Pública, Energia Elétrica , Energia Elétrica,635619000,118839000,501609000,0,TRUE
CIA SANEAMENTO BASICO EST SAO PAULO,Utilidade Pública, água e Saneamento , água e Saneamento,20593023000,1101666000,1835367000,339982576,TRUE
CIA SANEAMENTO DE MINAS GERAIS-COPASA MG,Utilidade Pública, água e Saneamento , água e Saneamento,6468057000,305794000,674888000,62969736,TRUE
CIA SANEAMENTO DO PARANA - SANEPAR,Utilidade Pública, água e Saneamento , água e Saneamento,5781189000,450073000,667100000,402820597,TRUE
CIA SEGUROS ALIANCA DA BAHIA,Financeiro, Previdência e Seguros , Seguradoras,176652000,784000,14413000,3724815,TRUE
CIA SIDERURGICA NACIONAL,Materiais Básicos, Siderurgia e Metalurgia , Siderurgia,12368948000,1981225000,1924557000,642387288,TRUE
CIA TECIDOS NORTE DE MINAS COTEMINAS,Consumo Cíclico, Tecidos. Vestuário e Calçados , Fios e Tecidos,1892568000,83574000,-28030000,15290147,TRUE
CIA TECIDOS SANTANENSE,Consumo Cíclico, Tecidos. Vestuário e Calçados , Fios e Tecidos,282221000,4599000,21581000,4724076,TRUE
CIBRASEC - COMPANHIA BRASILEIRA DE SECURITIZACAO,Financeiro, Securitizadoras de Recebíveis , Securitizadoras de Recebíveis,72205000,-2256000,5028000,41649,TRUE
CIELO S.A.,Financeiro, Serviços Financeiros Diversos , Serviços Financeiros Diversos,9132032000,979684000,-647717000,1118386806,TRUE
CIMS S.A.,Outros, Outros , Outros,106976,-109042,-107313,0,FALSE
CINESYSTEM S.A.,Consumo Cíclico, Mídia , Produção e Difusão de Filmes e Programas,40290000,-594000,21986000,0,TRUE
CONC AUTO RAPOSO TAVARES S.A.,Bens Industriais, Transporte , Exploração de Rodovias,693390000,-60478000,29627000,2616389044,TRUE
CONC DO AEROPORTO INTERNACIONAL DE GUARULHOS S.A.,Bens Industriais, Transporte , Serviços de Apoio e Armazenagem,-1261413000,-342622000,535431000,3033541675,TRUE
CONC ECOVIAS IMIGRANTES S.A.,Bens Industriais, Transporte , Exploração de Rodovias,596800000,159757000,284449000,0,TRUE
CONC RIO-TERESOPOLIS S.A.,Bens Industriais, Transporte , Exploração de Rodovias,138628000,22797000,75948000,86466,TRUE
CONC ROD AYRTON SENNA E CARV PINTO S.A.-ECOPISTAS,Bens Industriais, Transporte , Exploração de Rodovias,580960000,5255000,94187000,0,TRUE
CONC ROD.OESTE SP VIAOESTE S.A,Bens Industriais, Transporte , Exploração de Rodovias,316181000,145788000,272118000,0,TRUE
CONC RODOVIAS DO TIETÊ S.A.,Bens Industriais, Transporte , Exploração de Rodovias,-79165000,-47001000,65538000,0,TRUE
CONC ROTA DAS BANDEIRAS S.A.,Bens Industriais, Transporte , Exploração de Rodovias,852981000,8618000,131787000,0,TRUE
CONC SIST ANHANG-BANDEIRANT S.A. AUTOBAN,Bens Industriais, Transporte , Exploração de Rodovias,638263000,342163000,578706000,0,TRUE
CONSERVAS ODERICH S.A.,Consumo não Cíclico, Alimentos Processados , Alimentos Diversos,188881000,14074000,29498000,197952,TRUE
CONSORCIO ALFA DE ADMINISTRACAO S.A.,Financeiro, Previdência e Seguros , Seguradoras,1717271000,32665000,31971000,15132392,TRUE
CONSTRUTORA ADOLPHO LINDENBERG S.A.,Consumo Cíclico, Construção Civil , Incorporações,15049000,-10976000,-9429000,51644,TRUE
CONSTRUTORA TENDA S.A.,Consumo Cíclico, Construção Civil , Incorporações,1252379000,123437000,91265000,99197204,TRUE
CORREA RIBEIRO S.A. COMERCIO E INDUSTRIA,Financeiro, Exploração de Imóveis , Exploração de Imóveis,-4137000,-1274000,-1336000,16864,TRUE
COSAN LOGISTICA S.A.,Bens Industriais, Transporte , Transporte Ferroviário,8038370000,211390000,1341259000,125570897,TRUE
COSAN S.A.,Petróleo. Gás e Biocombustíveis, Petróleo. Gás e Biocombustíveis , Exploração. Refino e Distribuição,10098691000,874354000,874716000,155404710,TRUE
CPFL ENERGIA S.A.,Utilidade Pública, Energia Elétrica , Energia Elétrica,17301036000,1144031000,2837861000,170209781,TRUE
CPFL ENERGIAS RENOVÁVEIS S.A.,Utilidade Pública, Energia Elétrica , Energia Elétrica,4411895000,-131521000,201640000,291550,TRUE
CPFL GERACAO DE ENERGIA S.A.,Utilidade Pública, Energia Elétrica , Energia Elétrica,5059642000,254024000,665052000,0,TRUE
CR2 EMPREENDIMENTOS IMOBILIARIOS S.A.,Consumo Cíclico, Construção Civil , Incorporações,160435000,-7224000,-1622000,2003649,TRUE
CSU CARDSYSTEM S.A.,Bens Industriais, Serviços , Serviços Diversos,245935000,9133000,42868000,16724754,TRUE
CTC - CENTRO DE TECNOLOGIA CANAVIEIRA S.A.,Consumo não Cíclico, Agropecuária , Agricultura,587156000,7527000,-15234000,158271,TRUE
CTEEP - CIA TRANSMISSÃO ENERGIA ELÉTRICA PAULISTA,Utilidade Pública, Energia Elétrica , Energia Elétrica,12164827000,820072000,693063000,422881944,TRUE
CVC BRASIL OPERADORA E AGÊNCIA DE VIAGENS S.A.,Consumo Cíclico, Viagens e Lazer , Viagens e Turismo,1331642000,78681000,119351000,144684926,TRUE
CYRELA BRAZIL REALTY S.A.EMPREEND E PART,Consumo Cíclico, Construção Civil , Incorporações,5680594000,203692000,256885000,263583096,TRUE
CYRELA COMMERCIAL PROPERT S.A. EMPR PART,Financeiro, Exploração de Imóveis , Exploração de Imóveis,1766987000,18068000,104286000,26284954,TRUE
DIAGNOSTICOS DA AMERICA S.A.,Saúde, Serv.Méd.Hospit..Análises e Diagnósticos , Serv.Méd.Hospit..Análises e Diagnósticos,3515961000,103434000,127889000,2639767,TRUE
DIBENS LEASING S.A. - ARREND.MERCANTIL,Financeiro, Intermediários Financeiros , Soc. Arrendamento Mercantil,4968511000,159936000,10631799000,0,TRUE
DIMED S.A. DISTRIBUIDORA DE MEDICAMENTOS,Saúde, Comércio e Distribuição , Medicamentos e Outros Produtos,481821000,32334000,20588000,1445915,TRUE
DIRECIONAL ENGENHARIA S.A.,Consumo Cíclico, Construção Civil , Incorporações,1387828000,58712000,154381000,76763694,TRUE
DOHLER S.A.,Consumo Cíclico, Tecidos. Vestuário e Calçados , Fios e Tecidos,571397000,573000,19381000,7812767,TRUE
DOMMO ENERGIA S.A.,Petróleo. Gás e Biocombustíveis, Petróleo. Gás e Biocombustíveis , Exploração. Refino e Distribuição,-378799000,-21617000,99233000,269968506,TRUE
DTCOM - DIRECT TO COMPANY S.A.,Bens Industriais, Serviços , Serviços Diversos,892000,-5625000,7938000,185908,TRUE
DURATEX S.A.,Materiais Básicos, Madeira e Papel , Madeira,4728964000,93276000,151800000,273493230,TRUE
ECO SECURITIZADORA DIREITOS CRED AGRONEGÓCIO S.A.,Não Classificados, Não Classificado , Não Classificados,1627000,541000,-774000,0,TRUE
ECORODOVIAS CONCESSÕES E SERVIÇOS S.A.,Bens Industriais, Transporte , Exploração de Rodovias,1368655000,246400000,524377000,0,TRUE
ECORODOVIAS INFRAESTRUTURA E LOGÍSTICA S.A.,Bens Industriais, Transporte , Exploração de Rodovias,787268000,146949000,555454000,171079276,TRUE
EDP - ENERGIAS DO BRASIL S.A.,Utilidade Pública, Energia Elétrica , Energia Elétrica,10044747000,559300000,1112218000,295402225,TRUE
EDP ESPIRITO SANTO DISTRIBUIÇÃO DE ENERGIA S.A.,Utilidade Pública, Energia Elétrica , Energia Elétrica,942949000,101051000,315831000,5876012,TRUE
EDP SÃO PAULO DISTRIBUIÇÃO DE ENERGIA S.A.,Utilidade Pública, Energia Elétrica , Energia Elétrica,1182199000,104963000,330996000,39091735037,TRUE
ELECTRO ACO ALTONA S.A.,Bens Industriais, Máquinas e Equipamentos , Máq. e Equip. Industriais,160878000,10494000,-11319000,22500000,TRUE
ELEKEIROZ S.A.,Materiais Básicos, Químicos , Petroquímicos,227862000,42069000,15499000,1106049,TRUE
ELEKTRO REDES S.A.,Utilidade Pública, Energia Elétrica , Energia Elétrica,2436803000,189964000,189055000,623844,TRUE
ELETROBRÁS PARTICIPAÇÕES S.A. - ELETROPAR,Utilidade Pública, Energia Elétrica , Energia Elétrica,169607000,-3362000,24834000,1915985,TRUE
ELETRON S.A.,Outros, Outros , Outros,1224736000,34320000,-1017000,2,TRUE
ELETROPAULO METROP. ELET. SAO PAULO S.A.,Utilidade Pública, Energia Elétrica , Energia Elétrica,3084547000,200364000,-86262000,8133352,TRUE
EMAE - EMPRESA METROP.AGUAS ENERGIA S.A.,Utilidade Pública, Energia Elétrica , Energia Elétrica,902735000,33880000,73905000,22189646,TRUE
EMBRAER S.A.,Bens Industriais, Material de Transporte , Material Aeronáutico e de Defesa,14984326000,-122021000,-1175565000,735868554,TRUE
EMPRESA CONC RODOV DO NORTE S.A.ECONORTE,Bens Industriais, Transporte , Exploração de Rodovias,-112323000,-6890000,17141000,18928597,TRUE
EMPRESA NAC COM REDITO PART S.A.ENCORPAR,Consumo Cíclico, Tecidos. Vestuário e Calçados , Fios e Tecidos,205333000,3215000,-1157000,337760,TRUE
ENAUTA PARTICIPAÇÕES S.A.,Petróleo. Gás e Biocombustíveis, Petróleo. Gás e Biocombustíveis , Exploração. Refino e Distribuição,2744900000,71380000,266320000,75621071,TRUE
ENERGISA MATO GROSSO DO SUL - DIST DE ENERGIA S.A.,Utilidade Pública, Energia Elétrica , Energia Elétrica,847183000,164463000,96260000,421,TRUE
ENERGISA MATO GROSSO-DISTRIBUIDORA DE ENERGIA S/A,Utilidade Pública, Energia Elétrica , Energia Elétrica,1808049000,246516000,467596000,5354258,TRUE
ENERGISA S.A.,Utilidade Pública, Energia Elétrica , Energia Elétrica,6284978000,119914000,1075777000,1250895290,TRUE
ENEVA S.A,Utilidade Pública, Energia Elétrica , Energia Elétrica,6436436000,145081000,544666000,315323423,TRUE
ENGIE BRASIL ENERGIA S.A.,Utilidade Pública, Energia Elétrica , Energia Elétrica,7194673000,950858000,1680026000,254813401,TRUE
EQUATORIAL ENERGIA S.A.,Utilidade Pública, Energia Elétrica , Energia Elétrica,7091452000,667190000,-760304000,198202097,TRUE
ESTACIO PARTICIPACOES S.A.,Consumo Cíclico, Diversos , Serviços Educacionais,3033730000,435570000,428048000,299667897,TRUE
ETERNIT S.A.,Bens Industriais, Construção e Engenharia , Produtos para Construção,-42749000,-54998000,-24805000,29585948,TRUE
EUCATEX S.A. INDUSTRIA E COMERCIO,Materiais Básicos, Madeira e Papel , Madeira,1288247000,25584000,105032000,68615887,TRUE
EVEN CONSTRUTORA E INCORPORADORA S.A.,Consumo Cíclico, Construção Civil , Incorporações,1886945000,84668000,143087000,205280287,TRUE
EXCELSIOR ALIMENTOS S.A.,Consumo não Cíclico, Alimentos Processados , Carnes e Derivados,69559000,20412000,9605000,1508636,TRUE
EZ TEC EMPREEND. E PARTICIPACOES S.A.,Consumo Cíclico, Construção Civil , Incorporações,2751313000,113125000,65171000,68626741,TRUE
FERREIRA GOMES ENERGIA S.A.,Utilidade Pública, Energia Elétrica , Energia Elétrica,870245000,-10385000,38899000,0,TRUE
FERROVIA CENTRO-ATLANTICA S.A.,Bens Industriais, Transporte , Transporte Ferroviário,5002277000,-149376000,352321000,24,TRUE
FERTILIZANTES HERINGER S.A.,Materiais Básicos, Químicos , Fertilizantes e Defensivos,-732408000,-110572000,-49075000,15626962,TRUE
FINANCEIRA ALFA S.A.- CRED FINANC E INVS,Financeiro, Intermediários Financeiros , Soc. Crédito e Financiamento,923271000,30047000,-57092000,25048128,TRUE
FINANSINOS S.A.- CREDITO FINANC E INVEST,Financeiro, Intermediários Financeiros , Soc. Crédito e Financiamento,13829000,115000,202000,303030,TRUE
FLEURY S.A.,Saúde, Serv.Méd.Hospit..Análises e Diagnósticos , Serv.Méd.Hospit..Análises e Diagnósticos,1702584000,165171000,273187000,305082672,TRUE
FLEX GESTÃO DE RELACIONAMENTOS S.A.,Bens Industriais, Serviços , Serviços Diversos,67716000,-3910000,-11438000,0,TRUE
FRAS-LE S.A.,Bens Industriais, Material de Transporte , Material Rodoviário,814282000,25449000,33199000,102565350,TRUE
GAFISA S.A.,Consumo Cíclico, Construção Civil , Incorporações,575353000,-59076000,-9972000,67798040,TRUE
GAIA AGRO SECURITIZADORA S.A.,Financeiro, Securitizadoras de Recebíveis , Securitizadoras de Recebíveis,-12000,-180000,8000,0,TRUE
GAIA SECURITIZADORA S.A.,Financeiro, Securitizadoras de Recebíveis , Securitizadoras de Recebíveis,794000,87000,0,0,TRUE
GAMA PARTICIPACOES S.A.,Outros, Outros , Outros,1258000,-73000,-81000,417,TRUE
GENERAL SHOPPING E OUTLETS DO BRASIL S.A.,Financeiro, Exploração de Imóveis , Exploração de Imóveis,7532000,-31151000,-29114000,67506100,TRUE
GERDAU S.A.,Materiais Básicos, Siderurgia e Metalurgia , Siderurgia,26568445000,825377000,229733000,1040248828,TRUE
GOL LINHAS AEREAS INTELIGENTES S.A.,Bens Industriais, Transporte , Transporte Aéreo,-6997512000,-85618000,795115000,134613917,TRUE
GP INVESTMENTS. LTD.,Financeiro, Serviços Financeiros Diversos , Gestão de Recursos e Investimentos,2536572000,246967000,-27998000,67776390,TRUE
GPC PARTICIPACOES S.A.,Materiais Básicos, Químicos , Petroquímicos,189579000,8132000,-18927000,6267569,TRUE
GRAZZIOTIN S.A.,Consumo Cíclico, Comércio , Tecidos. Vestuário e Calçados,519373475,20338805,10139428,11049599,FALSE
GRENDENE S.A.,Consumo Cíclico, Tecidos. Vestuário e Calçados , Calçados,3430816000,118042000,336071000,270820595,TRUE
GRUPO SBF SA,Consumo Cíclico, Comércio , Produtos Diversos,953235000,107686000,-332444000,56408109,TRUE
GUARARAPES CONFECCOES S.A.,Consumo Cíclico, Comércio , Tecidos. Vestuário e Calçados,4969287000,84215000,-270565000,86115120,TRUE
HAGA S.A. INDUSTRIA E COMERCIO,Bens Industriais, Construção e Engenharia , Produtos para Construção,-80991930,-2981175,677181,9013373,FALSE
HAPVIDA PARTICIPACOES E INVESTIMENTOS SA,Saúde, Serv.Méd.Hospit..Análises e Diagnósticos , Serv.Méd.Hospit..Análises e Diagnósticos,3929183000,428803000,375446000,146032921,TRUE
HELBOR EMPREENDIMENTOS S.A.,Consumo Cíclico, Construção Civil , Incorporações,1120446000,-47914000,120299000,179586997,TRUE
HERCULES S.A. FABRICA DE TALHERES,Consumo Cíclico, Utilidades Domésticas , Utensílios Domésticos,-386358000,50000,0,243750,TRUE
HOTEIS OTHON S.A.,Consumo Cíclico, Hoteis e Restaurantes , Hotelaria,-258683000,-12083000,2579000,2562885,TRUE
HYPERA S.A.,Saúde, Comércio e Distribuição , Medicamentos e Outros Produtos,8557617000,658127000,387164000,407518048,TRUE
IDEIASNET S.A.,Financeiro, Serviços Financeiros Diversos , Serviços Financeiros Diversos,15080000,2160000,-2777000,16317766,TRUE
IGB ELETRÔNICA S/A,Financeiro, Exploração de Imóveis , Exploração de Imóveis,-861333000,-22097000,514000,6048759,TRUE
IGUA SANEAMENTO S.A.,Utilidade Pública, água e Saneamento , água e Saneamento,756906000,8679000,11130000,0,TRUE
IGUATEMI EMPRESA DE SHOPPING CENTERS S.A,Financeiro, Exploração de Imóveis , Exploração de Imóveis,2872547000,115565000,196289000,86913923,TRUE
INDUSTRIAS J B DUARTE S.A.,Outros, Outros , Outros,14496000,16629000,251000,4161639,TRUE
INDUSTRIAS ROMI S.A.,Bens Industriais, Máquinas e Equipamentos , Máq. e Equip. Industriais,748548000,82953000,-11527000,29455637,TRUE
INEPAR S.A. INDUSTRIA E CONSTRUCOES,Bens Industriais, Máquinas e Equipamentos , Máq. e Equip. Industriais,-1619895000,-33613000,-3184000,0,TRUE
INNCORP S.A.,Outros, Outros , Outros,-167916,-154354,-3909,0,FALSE
INSTITUTO HERMES PARDINI S.A.,Saúde, Serv.Méd.Hospit..Análises e Diagnósticos , Serv.Méd.Hospit..Análises e Diagnósticos,636670000,70757000,110632000,44851196,TRUE
INTER CONSTRUTORA E INCORPORADORA S.A.,Consumo Cíclico, Construção Civil , Incorporações,58356783,11317819,-24494879,0,FALSE
INTERNATIONAL MEAL COMPANY ALIMENTACAO S.A.,Consumo Cíclico, Hoteis e Restaurantes , Restaurante e Similares,912500000,-7276000,53438000,156768224,TRUE
INVESTIMENTOS BEMGE S.A.,Outros, Outros , Outros,224159000,4133000,0,42570,TRUE
INVESTIMENTOS E PARTICIP. EM INFRA S.A. - INVEPAR,Bens Industriais, Transporte , Serviços de Apoio e Armazenagem,1051356000,-740355000,674251000,214585684,TRUE
IOCHPE MAXION S.A.,Consumo Cíclico, Automóveis e Motocicletas , Automóveis e Motocicletas,3330064000,211116000,36663000,139973015,TRUE
IRB - BRASIL RESSEGUROS S.A.,Financeiro, Previdência e Seguros , Seguradoras,3982188000,738851000,1207884000,310415298,TRUE
ITAPEBI GERACAO DE ENERGIA S.A.,Utilidade Pública, Energia Elétrica , Energia Elétrica,318305000,43017000,55061000,0,TRUE
ITAU UNIBANCO HOLDING S.A.,Financeiro, Intermediários Financeiros , Bancos,143813000000,13593000000,6413000,5126116234,TRUE
ITAUSA INVESTIMENTOS ITAU S.A.,Financeiro, Intermediários Financeiros , Bancos,55357000000,4980000000,-80000000,5555380740,TRUE
J. MACEDO S.A.,Consumo não Cíclico, Alimentos Processados , Alimentos Diversos,616282000,-7006000,-235673000,21832197,TRUE
JBS S.A.,Consumo não Cíclico, Alimentos Processados , Carnes e Derivados,31118771000,3497383000,4296421000,1620646499,TRUE
JEREISSATI PARTICIPACOES S.A.,Financeiro, Exploração de Imóveis , Exploração de Imóveis,2903266000,101241000,205478000,34873611,TRUE
JHSF PARTICIPACOES S.A.,Consumo Cíclico, Construção Civil , Incorporações,2280376000,21878000,-7943000,134728334,TRUE
JOAO FORTES ENGENHARIA S.A.,Consumo Cíclico, Construção Civil , Incorporações,260839000,-427819000,166351000,4930157,TRUE
JOSAPAR-JOAQUIM OLIVEIRA S.A. - PARTICIP,Consumo não Cíclico, Alimentos Processados , Alimentos Diversos,666168000,5895000,-137991000,2125174,TRUE
JSL S.A.,Bens Industriais, Transporte , Transporte Rodoviário,1499172000,131920000,-721943000,55040438,TRUE
KARSTEN S.A.,Consumo Cíclico, Tecidos. Vestuário e Calçados , Fios e Tecidos,-307127000,-47304000,27458000,888075,TRUE
KEPLER WEBER S.A.,Bens Industriais, Máquinas e Equipamentos , Máq. e Equip. Industriais,441589000,564000,-184000,26293632,TRUE
KLABIN S.A.,Materiais Básicos, Madeira e Papel , Papel e Celulose,6203440000,-123914000,963768000,3011132125,TRUE
KROTON EDUCACIONAL S.A.,Consumo Cíclico, Diversos , Serviços Educacionais,16050647000,389987000,-108040000,1498404420,TRUE
LIBRA TERMINAL RIO S.A.,Bens Industriais, Transporte , Serviços de Apoio e Armazenagem,-164144000,26203000,67230000,0,TRUE
LIGHT S.A.,Utilidade Pública, Energia Elétrica , Energia Elétrica,3564521000,175029000,399676000,303934060,TRUE
LIGHT SERVICOS DE ELETRICIDADE S.A.,Utilidade Pública, Energia Elétrica , Energia Elétrica,2411587000,-34542000,103293000,0,TRUE
LINX S.A.,Tecnologia da Informação, Programas e Serviços , Programas e Serviços,1875324000,29648000,81421000,160913029,TRUE
LIQ PARTICIPAÇÕES S.A.,Bens Industriais, Serviços , Serviços Diversos,72291000,-169021000,-14444000,21901312,TRUE
LITEL PARTICIPACOES S.A.,Materiais Básicos, Mineração , Minerais Metálicos,31300951000,-1437331000,1385000,0,TRUE
LOCALIZA RENT A CAR S.A.,Consumo Cíclico, Diversos , Aluguel de carros,5150576000,400867000,-1125777000,560843706,TRUE
LOG COMMERCIAL PROPERTIES,Financeiro, Exploração de Imóveis , Exploração de Imóveis,2287570000,29526000,35101000,47750725,TRUE
LOG-IN LOGISTICA INTERMODAL S.A.,Bens Industriais, Transporte , Transporte Hidroviário,-336930000,14912000,146701000,20260349,TRUE
LOJAS AMERICANAS S.A.,Consumo Cíclico, Comércio , Produtos Diversos,6039922000,-43462000,-368567000,887233239,TRUE
LOJAS RENNER S.A.,Consumo Cíclico, Comércio , Tecidos. Vestuário e Calçados,4112250000,396744000,507101000,781384541,TRUE
LONGDIS S.A.,Outros, Outros , Outros,-132535,-136350,-2424,24013,FALSE
LPS BRASIL - CONSULTORIA DE IMOVEIS S.A.,Financeiro, Exploração de Imóveis , Intermediação Imobiliária,32208000,-11789000,8983000,93546908,TRUE
LUPATECH S.A.,Petróleo. Gás e Biocombustíveis, Petróleo. Gás e Biocombustíveis , Equipamentos e Serviços,101497000,-32711000,-488000,21736590,TRUE
M.DIAS BRANCO S.A. IND COM DE ALIMENTOS,Consumo não Cíclico, Alimentos Processados , Alimentos Diversos,5670178000,157553000,432649000,84751852,TRUE
MAESTRO LOCADORA DE VEICULOS S.A.,Consumo Cíclico, Diversos , Aluguel de carros,49433000,691000,-741000,0,TRUE
MAGAZINE LUIZA S.A.,Consumo Cíclico, Comércio , Eletrodomésticos,3110946000,518730000,231726000,554184304,TRUE
MAHLE-METAL LEVE S.A.,Consumo Cíclico, Automóveis e Motocicletas , Automóveis e Motocicletas,1275575000,121379000,127124000,38492519,TRUE
MANGELS INDUSTRIAL S.A.,Materiais Básicos, Siderurgia e Metalurgia , Artefatos de Ferro e Aço,-356711000,7414000,6988000,2532157,TRUE
MANUFATURA DE BRINQUEDOS ESTRELA S.A.,Consumo Cíclico, Viagens e Lazer , Brinquedos e Jogos,-462560000,-24899000,6823000,553100,TRUE
MARCOPOLO S.A.,Bens Industriais, Material de Transporte , Material Rodoviário,2229511000,117899000,292885000,747097003,TRUE
MARFRIG GLOBAL FOODS S.A.,Consumo não Cíclico, Alimentos Processados , Carnes e Derivados,4209277000,542372000,164470000,386047807,TRUE
MARISA LOJAS S.A.,Consumo Cíclico, Comércio , Tecidos. Vestuário e Calçados,905227000,-69148000,40973000,52529246,TRUE
MENDES JUNIOR ENGENHARIA S.A.,Bens Industriais, Construção e Engenharia , Construção Pesada,-10862575000,-145977000,313000,331286,TRUE
MERCANTIL BRASIL FINANC S.A. C.F.I.,Financeiro, Intermediários Financeiros , Soc. Crédito e Financiamento,241218000,11297000,57459000,2592615,TRUE
METALFRIO SOLUTIONS S.A.,Bens Industriais, Máquinas e Equipamentos , Máq. e Equip. Industriais,108222000,34010000,10132000,1895139,TRUE
METALGRAFICA IGUACU S.A.,Materiais Básicos, Embalagens , Embalagens,19822010,-4735399,3885208,43163,FALSE
METALURGICA GERDAU S.A.,Materiais Básicos, Siderurgia e Metalurgia , Siderurgia,26380817000,807473000,193300000,667958182,TRUE
METALURGICA RIOSULENSE S.A.,Bens Industriais, Material de Transporte , Material Rodoviário,-12254000,7665000,5707000,139898,TRUE
METISA METALURGICA TIMBOENSE S.A.,Bens Industriais, Máquinas e Equipamentos , Máq. e Equip. Construção e Agrícolas,235232587,8222364,15232528,3304003,FALSE
MGI - MINAS GERAIS PARTICIPAÇÕES S.A.,Outros, Outros , Outros,419631000,-19270000,18338000,0,TRUE
MILLS ESTRUTURAS E SERVIÇOS DE ENGENHARIA S.A.,Bens Industriais, Construção e Engenharia , Serviços Diversos,1129155000,-22870000,46214000,114647292,TRUE
MINASMAQUINAS S.A.,Bens Industriais, Comércio , Material de Transporte,142767000,11315000,-15732000,5482,TRUE
MINERVA S.A.,Consumo não Cíclico, Alimentos Processados , Carnes e Derivados,-390322000,-144728000,561731000,136456880,TRUE
MINUPAR PARTICIPACOES S.A.,Consumo não Cíclico, Alimentos Processados , Carnes e Derivados,-352216000,7777000,2608000,3387083,TRUE
MMX MINERACAO E METALICOS S.A.,Materiais Básicos, Mineração , Minerais Metálicos,-693158000,-80347000,687000,2762888,TRUE
MONTEIRO ARANHA S.A.,Financeiro, Holdings Diversificadas , Holdings Diversificadas,1066074000,28239000,-47390000,3096937,TRUE
MOVIDA PARTICIPACOES SA,Consumo Cíclico, Diversos , Aluguel de carros,1701417000,83464000,-705164000,132725200,TRUE
MRS LOGISTICA S.A.,Bens Industriais, Transporte , Transporte Ferroviário,4079619000,235244000,423865000,6261277,TRUE
MRV ENGENHARIA E PARTICIPACOES S.A.,Consumo Cíclico, Construção Civil , Incorporações,4966065000,400974000,30552000,292910667,TRUE
MULTIPLAN - EMPREEND IMOBILIARIOS S.A.,Financeiro, Exploração de Imóveis , Exploração de Imóveis,5488442000,205968000,410567000,270279854,TRUE
MUNDIAL S.A. - PRODUTOS DE CONSUMO,Consumo Cíclico, Tecidos. Vestuário e Calçados , Acessórios,-139070000,-4321000,13124000,1666331,TRUE
NADIR FIGUEIREDO IND E COM S.A.,Consumo Cíclico, Utilidades Domésticas , Utensílios Domésticos,420740000,21616000,22974000,440406,TRUE
NATURA COSMETICOS S.A.,Consumo não Cíclico, Produtos de Uso Pessoal e de Limpeza , Produtos de Uso Pessoal,2699139000,69397000,71219000,175045801,TRUE
NEOENERGIA S.A.,Utilidade Pública, Energia Elétrica , Energia Elétrica,18284890000,1049787000,1134247000,239251040,TRUE
NORDON INDUSTRIAS METALURGICAS S.A.,Bens Industriais, Máquinas e Equipamentos , Máq. e Equip. Industriais,-139789000,-822000,21000,71121,TRUE
NORTEC QUÍMICA S.A.,Saúde, Medicamentos e Outros Produtos , Medicamentos e Outros Produtos,127795000,5597000,3305000,0,TRUE
NOTRE DAME INTERMEDICA PARTICIPACOES SA,Saúde, Serv.Méd.Hospit..Análises e Diagnósticos , Serv.Méd.Hospit..Análises e Diagnósticos,2551877000,192488000,316076000,364914616,TRUE
NUTRIPLANT INDUSTRIA E COMERCIO S.A.,Materiais Básicos, Químicos , Fertilizantes e Defensivos,-22997000,-1371000,-524000,32014,TRUE
OCTANTE SECURITIZADORA S.A.,Financeiro, Securitizadoras de Recebíveis , Securitizadoras de Recebíveis,345000,54000,-78000,0,TRUE
ODONTOPREV S.A.,Saúde, Serv.Méd.Hospit..Análises e Diagnósticos , Serv.Méd.Hospit..Análises e Diagnósticos,1071465000,160549000,203068000,263707679,TRUE
OI S.A.,Telecomunicações, Telecomunicações , Telecomunicações,25859489000,-1030482000,-253148000,5952358824,TRUE
OMEGA GERAÇÃO S.A.,Utilidade Pública, Energia Elétrica , Energia Elétrica,1971728000,-48464000,90144000,45456235,TRUE
OPPORTUNITY ENERGIA E PARTICIPACOES S.A.,Outros, Outros , Outros,21741000,-1399000,-96000,23880,TRUE
OSX BRASIL S.A.,Petróleo. Gás e Biocombustíveis, Petróleo. Gás e Biocombustíveis , Equipamentos e Serviços,-4214210000,-199962000,86000,1062294,TRUE
OURINVEST SECURITIZADORA SA,Não Classificados, Não Classificado , Não Classificados,1683000,691000,622000,826755,TRUE
OURO FINO SAUDE ANIMAL PARTICIPACOES S.A.,Saúde, Medicamentos e Outros Produtos , Medicamentos e Outros Produtos,465041000,8576000,50013000,23568833,TRUE
OURO VERDE LOCACAO E SERVICO S.A.,Não Classificados, Não Classificado , Não Classificados,66886000,-44550000,78126000,371975418,TRUE
PANATLANTICA S.A.,Materiais Básicos, Siderurgia e Metalurgia , Artefatos de Ferro e Aço,425358000,11559000,44192000,832841,TRUE
PARANA BCO S.A.,Financeiro, Intermediários Financeiros , Bancos,1448021000,134069000,322109000,0,TRUE
PARANAPANEMA S.A.,Materiais Básicos, Siderurgia e Metalurgia , Artefatos de Cobre,690033000,63885000,33699000,41349361,TRUE
PATRIA CIA SECURITIZADORA DE CRED IMOB,Financeiro, Securitizadoras de Recebíveis , Securitizadoras de Recebíveis,23000,-171000,-178000,0,TRUE
PBG S/A,Bens Industriais, Construção e Engenharia , Produtos para Construção,369500000,6937000,-40067000,73786991,TRUE
PDG COMPANHIA SECURITIZADORA,Financeiro, Securitizadoras de Recebíveis , Securitizadoras de Recebíveis,35027000,38000,567000,0,TRUE
PDG REALTY S.A. EMPREEND E PARTICIPACOES,Consumo Cíclico, Construção Civil , Incorporações,-4503035000,-493486000,105926000,8066955,TRUE
PETRO RIO S.A.,Petróleo. Gás e Biocombustíveis, Petróleo. Gás e Biocombustíveis , Exploração. Refino e Distribuição,1199843000,109301000,377542000,126730759,TRUE
PETROBRAS DISTRIBUIDORA S/A,Petróleo. Gás e Biocombustíveis, Petróleo. Gás e Biocombustíveis , Exploração. Refino e Distribuição,8266000000,779000000,958000000,334937500,TRUE
PETROLEO BRASILEIRO S.A. PETROBRAS,Petróleo. Gás e Biocombustíveis, Petróleo. Gás e Biocombustíveis , Exploração. Refino e Distribuição,309418000000,23592000000,38249000000,7470043315,TRUE
PETTENATI S.A. INDUSTRIA TEXTIL,Consumo Cíclico, Tecidos. Vestuário e Calçados , Fios e Tecidos,240264504,22616880,22533362,31950788,FALSE
PLASCAR PARTICIPACOES INDUSTRIAIS S.A.,Consumo Cíclico, Automóveis e Motocicletas , Automóveis e Motocicletas,-167991000,-102613000,-23745000,4970927,TRUE
POLO CAPITAL SECURITIZADORA S.A,Financeiro, Securitizadoras de Recebíveis , Securitizadoras de Recebíveis,752000,-48000,-55000,0,TRUE
POLPAR S.A.,Outros, Outros , Outros,31922000,403000,372000,0,TRUE
POMIFRUTAS S/A,Consumo não Cíclico, Agropecuária , Agricultura,-69329000,-765000,-15000,612122,TRUE
PORTO SEGURO S.A.,Financeiro, Previdência e Seguros , Seguradoras,7725534000,675037000,1352490000,94159042,TRUE
PORTO SUDESTE V.M. S.A.,Bens Industriais, Transporte , Serviços de Apoio e Armazenagem,43845,-167520,-205704,0,FALSE
POSITIVO TECNOLOGIA S.A.,Tecnologia da Informação, Computadores e Equipamentos , Computadores e Equipamentos,518975000,6473000,-18538000,24312498,TRUE
PPLA PARTICIPATIONS LTD.,Financeiro, Serviços Financeiros Diversos , Gestão de Recursos e Investimentos,150000,-3344000,0,54058515,TRUE
PRATICA KLIMAQUIP INDUSTRIA E COMERCIO SA,Bens Industriais, Máquinas e Equipamentos , Máq. e Equip. Industriais,41863000,698000,5362000,3728273,TRUE
PRINER SERVIÇOS INDUSTRIAIS S.A.,Bens Industriais, Serviços , Serviços Diversos,62916000,-2491000,15164000,0,TRUE
PRODUTORES ENERGET.DE MANSO S.A.- PROMAN,Utilidade Pública, Energia Elétrica , Energia Elétrica,1100000,0,1582000,45000,TRUE
PROFARMA DISTRIB PROD FARMACEUTICOS S.A.,Saúde, Comércio e Distribuição , Medicamentos e Outros Produtos,984326000,-7335000,-10819000,87499778,TRUE
PROMPT PARTICIPACOES S.A.,Outros, Outros , Outros,43122,-106453,-104867,6,FALSE
QUALICORP CONSULTORIA E CORRETORA DE SEGUROS S.A.,Saúde, Serv.Méd.Hospit..Análises e Diagnósticos , Serv.Méd.Hospit..Análises e Diagnósticos,2378408000,206982000,459067000,223809099,TRUE
QUALITY SOFTWARE S.A.,Tecnologia da Informação, Programas e Serviços , Programas e Serviços,38447393,541515,-1633170,861605,FALSE
RAIA DROGASIL S.A.,Saúde, Comércio e Distribuição , Medicamentos e Outros Produtos,3591225000,231224000,448558000,213553757,TRUE
RAIZEN ENERGIA S.A.,Consumo não Cíclico, Alimentos Processados , Açucar e Alcool,7739325000,-99370000,-253576000,7376625657,TRUE
RANDON S.A. IMPLEMENTOS E PARTICIPACOES,Bens Industriais, Material de Transporte , Material Rodoviário,2145674000,149022000,135191000,197578201,TRUE
RB CAPITAL COMPANHIA DE SECURITIZAÇÃO,Financeiro, Securitizadoras de Recebíveis , Securitizadoras de Recebíveis,24805000,2532000,-409000,1,TRUE
RB CAPITAL SECURITIZADORA S.A.,Financeiro, Securitizadoras de Recebíveis , Securitizadoras de Recebíveis,7688000,-10000,2509000,0,TRUE
REAL AI PIC SEC DE CREDITOS IMOBILIARIO S.A.,Financeiro, Securitizadoras de Recebíveis , Securitizadoras de Recebíveis,2080000,2009000,26731000,0,TRUE
RECRUSUL S.A.,Bens Industriais, Material de Transporte , Material Rodoviário,-65802000,-2049000,-2311000,75823374,TRUE
REDE ENERGIA PARTICIPAÇÕES S.A.,Utilidade Pública, Energia Elétrica , Energia Elétrica,4633217000,537069000,820451000,8916515,TRUE
REFINARIA DE PETROLEOS MANGUINHOS S.A.,Petróleo. Gás e Biocombustíveis, Petróleo. Gás e Biocombustíveis , Exploração. Refino e Distribuição,-2619851000,-67364000,21855000,23658396,TRUE
RENOVA ENERGIA S.A.,Utilidade Pública, Energia Elétrica , Energia Elétrica,-685314000,-608825000,-10468000,12943352,TRUE
RESTOQUE COMÉRCIO E CONFECÇÕES DE ROUPAS S.A.,Consumo Cíclico, Comércio , Tecidos. Vestuário e Calçados,2253942000,28174000,7787000,25796692,TRUE
RGE SUL DISTRIBUIDORA DE ENERGIA S.A.,Utilidade Pública, Energia Elétrica , Energia Elétrica,3862908000,296317000,735873000,0,TRUE
RIO PARANAPANEMA ENERGIA S.A.,Utilidade Pública, Energia Elétrica , Energia Elétrica,1799806000,164080000,403533000,3597286,TRUE
RNI NEGÓCIOS IMOBILIÁRIOS S.A.,Consumo Cíclico, Construção Civil , Incorporações,616649000,-8669000,21417000,15066029,TRUE
RODOVIAS DAS COLINAS S.A.,Bens Industriais, Transporte , Exploração de Rodovias,565612000,86409000,144275000,74220000,TRUE
ROSSI RESIDENCIAL S.A.,Consumo Cíclico, Construção Civil , Incorporações,-438601000,-190105000,13186000,12915712,TRUE
RUMO MALHA NORTE S.A.,Bens Industriais, Transporte , Transporte Ferroviário,3474940000,439903000,798495000,1189412363,TRUE
RUMO MALHA PAULISTA S.A.,Bens Industriais, Transporte , Transporte Ferroviário,-278721000,-48229000,311492000,0,TRUE
RUMO S.A.,Bens Industriais, Transporte , Transporte Ferroviário,8034522000,213802000,1343421000,1053753059,TRUE
SALUS INFRAESTRUTURA PORTUARIA SA,Bens Industriais, Transporte , Serviços de Apoio e Armazenagem,-24886000,-24391000,-4228000,4200,TRUE
SANESALTO SANEAMENTO S.A.,Utilidade Pública, água e Saneamento , água e Saneamento,-525000,310000,7012000,0,TRUE
SANSUY S.A. INDUSTRIA DE PLASTICOS,Materiais Básicos, Materiais Diversos , Materiais Diversos,-1145232000,-91499000,7437000,192910,TRUE
SANTHER FAB DE PAPEL STA THEREZINHA S.A.,Materiais Básicos, Madeira e Papel , Papel e Celulose,28493000,21874000,14764000,0,TRUE
SANTO ANTONIO ENERGIA S.A.,Utilidade Pública, Energia Elétrica , Energia Elétrica,3748670000,-445000000,223928000,0,TRUE
SANTOS BRASIL PARTICIPACOES S.A.,Bens Industriais, Transporte , Serviços de Apoio e Armazenagem,1342811000,-2710000,24447000,662056831,TRUE
SAO CARLOS EMPREEND E PARTICIPACOES S.A.,Financeiro, Exploração de Imóveis , Exploração de Imóveis,1477549000,66133000,16865000,25378930,TRUE
SAO MARTINHO S.A.,Consumo não Cíclico, Alimentos Processados , Açucar e Alcool,3518535000,91463000,140770000,147017773,TRUE
SAO PAULO TURISMO S.A.,Consumo Cíclico, Viagens e Lazer , Produção de Eventos e Shows,16266000,-23937000,-5536000,277159,TRUE
SARAIVA LIVREIROS S.A. - EM RECUPERAÇÃO JUDICIAL,Consumo Cíclico, Comércio , Produtos Diversos,-14597000,-135533000,-19126000,18649595,TRUE
SCHULZ S.A.,Bens Industriais, Máquinas e Equipamentos , Motores . Compressores e Outros,579374000,45128000,48491000,49597453,TRUE
SER EDUCACIONAL S.A.,Consumo Cíclico, Diversos , Serviços Educacionais,1326080000,115098000,19212000,54338507,TRUE
SIDERURGICA J. L. ALIPERTI S.A.,Consumo não Cíclico, Agropecuária , Agricultura,227898000,-1488000,3266000,9166,TRUE
SINQIA S.A.,Tecnologia da Informação, Programas e Serviços , Programas e Serviços,88658000,-5918000,-12250000,8875888,TRUE
SLC AGRICOLA S.A.,Consumo não Cíclico, Agropecuária , Agricultura,3080439000,323333000,-92386000,85085106,TRUE
SMARTFIT ESCOLA DE GINÁSTICA E DANÇA S.A.,Consumo Cíclico, Viagens e Lazer , Atividades Esportivas,1171831000,-34222000,139061000,0,TRUE
SMILES FIDELIDADE S.A.,Consumo Cíclico, Diversos , Programas de Fidelização,1011870000,297632000,551457000,58842428,TRUE
SONDOTECNICA ENGENHARIA SOLOS S.A.,Bens Industriais, Construção e Engenharia , Engenharia Consultiva,48630000,876000,-816000,884008,TRUE
SPRINGER S.A.,Financeiro, Holdings Diversificadas , Holdings Diversificadas,38946000,-1496000,-1134000,317644,TRUE
SPRINGS GLOBAL PARTICIPACOES S.A.,Consumo Cíclico, Tecidos. Vestuário e Calçados , Fios e Tecidos,1452108000,133532000,-58337000,23408641,TRUE
STARA S.A. - INDÚSTRIA DE IMPLEMENTOS AGRÍCOLAS,Bens Industriais, Máquinas e Equipamentos , Máq. e Equip. Construção e Agrícolas,484556000,45470000,-18420000,31484081,TRUE
STATKRAFT ENERGIAS RENOVAVEIS S.A.,Utilidade Pública, Energia Elétrica , Energia Elétrica,1274868000,46922000,90425000,0,TRUE
SUDESTE S.A.,Outros, Outros , Outros,37285,-106128,-105140,3,FALSE
SUL 116 PARTICIPACOES S.A.,Outros, Outros , Outros,13788000,-1225000,-860000,0,TRUE
SUL AMERICA S.A.,Financeiro, Previdência e Seguros , Seguradoras,6773826000,483833000,294748000,836228310,TRUE
SUZANO HOLDING S.A.,Materiais Básicos, Madeira e Papel , Papel e Celulose,20506370000,-530506000,3164467000,0,TRUE
SUZANO S.A.,Materiais Básicos, Madeira e Papel , Papel e Celulose,20429480000,-529284000,3167400000,725859318,TRUE
T4F ENTRETENIMENTO S.A.,Consumo Cíclico, Viagens e Lazer , Produção de Eventos e Shows,290510000,-52505000,30773000,34987639,TRUE
TAURUS ARMAS S.A.,Bens Industriais, Máquinas e Equipamentos , Armas e Munições,-305716000,47675000,43480000,43410258,TRUE
TCP TERMINAL DE CONTEINERES DE PARANAGUA SA,Não Classificados, Não Classificado , Não Classificados,265123000,4674000,160655000,0,TRUE
TECHNOS S.A.,Consumo Cíclico, Tecidos. Vestuário e Calçados , Acessórios,420060000,-46455000,-1662000,63134967,TRUE
TECNISA S.A.,Consumo Cíclico, Construção Civil , Incorporações,636162000,-146376000,83587000,547783816,TRUE
TECNOSOLO ENGENHARIA S.A.,Bens Industriais, Construção e Engenharia , Engenharia Consultiva,365000,-770000,-1000,80233505,TRUE
TEGMA GESTAO LOGISTICA S.A.,Bens Industriais, Transporte , Transporte Rodoviário,515840000,59135000,107049000,32006778,TRUE
TEKA-TECELAGEM KUEHNRICH S.A.,Consumo Cíclico, Tecidos. Vestuário e Calçados , Fios e Tecidos,-1510445000,-75226000,5631000,0,TRUE
TEKNO S.A. - INDUSTRIA E COMERCIO,Materiais Básicos, Siderurgia e Metalurgia , Artefatos de Ferro e Aço,171955000,-1420000,-4998000,310036,TRUE
TELEC BRASILEIRAS S.A. TELEBRAS,Telecomunicações, Telecomunicações , Telecomunicações,138178000,-230818000,-108296000,3072072,TRUE
TELEFÔNICA BRASIL S.A,Telecomunicações, Telecomunicações , Telecomunicações,69666124000,2761647000,8022907000,444452657,TRUE
TERMELÉTRICA PERNAMBUCO III S.A.,Utilidade Pública, Energia Elétrica , Energia Elétrica,-238471000,-19887000,8034000,0,TRUE
TERMINAL GARAGEM MENEZES CORTES S.A.,Financeiro, Exploração de Imóveis , Exploração de Imóveis,114007000,480000,-483000,0,TRUE
TERMOPERNAMBUCO S.A.,Utilidade Pública, Energia Elétrica , Energia Elétrica,827993000,101275000,110690000,0,TRUE
TERRA SANTA AGRO S.A.,Consumo não Cíclico, Agropecuária , Agricultura,1030876000,-8739000,111471000,7289479,TRUE
TEXTIL RENAUXVIEW S.A.,Consumo Cíclico, Tecidos. Vestuário e Calçados , Fios e Tecidos,-305523000,7271000,6516000,4259280,TRUE
TIM PARTICIPACOES S.A.,Telecomunicações, Telecomunicações , Telecomunicações,21939911000,2142134000,1354707000,807711660,TRUE
TOTVS S.A.,Tecnologia da Informação, Programas e Serviços , Programas e Serviços,2405720000,69271000,161699000,134465885,TRUE
TPI - TRIUNFO PARTICIP. E INVEST. S.A.,Bens Industriais, Transporte , Exploração de Rodovias,804301000,-164828000,125489000,74079297,TRUE
TRANSMISSORA ALIANÇA DE ENERGIA ELÉTRICA S.A.,Utilidade Pública, Energia Elétrica , Energia Elétrica,4906045000,467005000,457903000,655704742,TRUE
TREVISA INVESTIMENTOS S.A.,Bens Industriais, Transporte , Transporte Hidroviário,110258000,5137000,12321000,1569600,TRUE
TRIÂNGULO DO SOL AUTO-ESTRADAS S.A.,Bens Industriais, Transporte , Exploração de Rodovias,326323000,86488000,143150000,610000,TRUE
TRISUL S.A.,Consumo Cíclico, Construção Civil , Incorporações,666276000,57958000,2892000,40017939,TRUE
TRONOX PIGMENTOS DO BRASIL S.A.,Materiais Básicos, Químicos , Químicos Diversos,530778000,38013000,78687000,29018747,TRUE
TRUE SECURITIZADORA S.A.,Financeiro, Securitizadoras de Recebíveis , Securitizadoras de Recebíveis,2348000,1868000,1913000,0,TRUE
TUPY S.A.,Bens Industriais, Material de Transporte , Material Rodoviário,2205327000,139890000,69364000,65947515,TRUE
ULTRAPAR PARTICIPACOES S.A.,Petróleo. Gás e Biocombustíveis, Petróleo. Gás e Biocombustíveis , Exploração. Refino e Distribuição,10068130000,363286000,1527246000,1085159631,TRUE
UNICASA INDÚSTRIA DE MÓVEIS S.A.,Consumo Cíclico, Utilidades Domésticas , Móveis,178292000,7026000,14285000,28074138,TRUE
UNIDAS S.A.,Consumo Cíclico, Diversos , Aluguel de carros,1333466000,86689000,-424752000,0,TRUE
UNIPAR CARBOCLORO S.A.,Materiais Básicos, Químicos , Químicos Diversos,1453417000,56603000,168072000,59097731,TRUE
UPTICK PARTICIPACOES S.A.,Utilidade Pública, Energia Elétrica , Energia Elétrica,87303000,6882000,-334000,0,TRUE
USINAS SID DE MINAS GERAIS S.A.-USIMINAS,Materiais Básicos, Siderurgia e Metalurgia , Siderurgia,15917202000,247524000,298707000,674719826,TRUE
VALE S.A.,Materiais Básicos, Mineração , Minerais Metálicos,165982310000,-6964487000,19824377000,3147743563,TRUE
VALID SOLUÇÕES S.A.,Bens Industriais, Serviços , Serviços Diversos,1103928000,21038000,69162000,68845943,TRUE
VERT COMPANHIA SECURITIZADORA,Financeiro, Securitizadoras de Recebíveis , Securitizadoras de Recebíveis,1149000,-116000,-163000,0,TRUE
VIA VAREJO S.A.,Consumo Cíclico, Comércio , Eletrodomésticos,1850000000,-196000000,-2539000000,1147404383,TRUE
VIVER INCORPORADORA E CONSTRUTORA S.A.,Consumo Cíclico, Construção Civil , Incorporações,-12568000,-94020000,-14057000,46317035,TRUE
VULCABRAS/AZALEIA S.A.,Consumo Cíclico, Tecidos. Vestuário e Calçados , Calçados,997967000,56187000,149559000,74685291,TRUE
WEG S.A.,Bens Industriais, Máquinas e Equipamentos , Motores . Compressores e Outros,8168446000,703467000,406964000,740696136,TRUE
WETZEL S.A.,Bens Industriais, Material de Transporte , Material Rodoviário,-190336000,-19532000,-1655000,0,TRUE
WHIRLPOOL S.A.,Consumo Cíclico, Utilidades Domésticas , Eletrodomésticos,2551517000,536254000,126850000,28701029,TRUE
WILSON SONS LTD.,Bens Industriais, Transporte , Serviços de Apoio e Armazenagem,1890969000,47123000,200518000,29799660,TRUE
WIZ SOLUÇÕES E CORRETAGEM DE SEGUROS S.A.,Financeiro, Previdência e Seguros , Corretoras de Seguros,194894000,110655000,128358000,76791625,TRUE
WLM PART. E COMÉRCIO DE MÁQUINAS E VEÍCULOS S.A.,Bens Industriais, Comércio , Material de Transporte,400923000,15083000,16092000,5501255,TRUE
524 PARTICIPACOES S.A.,Outros, Outros , Outros,88000,-104000,-100000,910,TRUE
