nome.empresa,setor.1,setor.2,setor.3,patrimonio.liquido,lucro.liquido,atividades.operacionais,total.acoes,mil
ADVANCED DIGITAL HEALTH MEDICINA PREVENTIVA S.A.,Saúde,Serv.Méd.Hospit..Análises e Diagnósticos,Serv.Méd.Hospit..Análises e Diagnósticos,-16742e3,-2157e3,3e3,NA,TRUE
AES TIETE ENERGIA SA,Utilidade Pública,Energia Elétrica,Energia Elétrica,1578462e3,62014e3,336955e3,NA,TRUE
AFLUENTE TRANSMISSÃO DE ENERGIA ELÉTRICA S/A,Utilidade Pública,Energia Elétrica,Energia Elétrica,202191e3,6437e3,73e5,862.287,TRUE
ALEF S.A.,Outros,Outros,Outros,142604,-75079,-73738,3,FALSE
ALFA HOLDINGS S.A.,Financeiro,Intermediários Financeiros,Bancos,970278e3,10943e3,-445e3,NA,TRUE
ALGAR TELECOM S/A,Telecomunicações,Telecomunicações,Telecomunicações,1480908e3,43915e3,224121e3,NA,TRUE
ALIANSCE SHOPPING CENTERS S.A.,Financeiro,Exploração de Imóveis,Exploração de Imóveis,263527e4,30115e3,90019e3,NA,TRUE
ALPARGATAS S.A.,Consumo Cíclico,Tecidos. Vestuário e Calçados,Calçados,2499637e3,43478e3,117853e3,NA,TRUE
ALPER CONSULTORIA E CORRETORA DE SEGUROS S.A.,Financeiro,Previdência e Seguros,Corretoras de Seguros,98e6,4632e3,299e4,NA,TRUE
ALTERE SECURITIZADORA S.A.,Financeiro,Securitizadoras de Recebíveis,Securitizadoras de Recebíveis,61e3,15e3,25e3,NA,TRUE
ALUPAR INVESTIMENTO S/A,Utilidade Pública,Energia Elétrica,Energia Elétrica,6917133e3,646921e3,93854e3,NA,TRUE
AMBEV S.A.,Consumo não Cíclico,Bebidas,Cervejas e Refrigerantes,60490637e3,2749068e3,2080145e3,NA,TRUE
AMPLA ENERGIA E SERVICOS S.A.,Utilidade Pública,Energia Elétrica,Energia Elétrica,3505871e3,1268e4,-126797e3,442.934,TRUE
ANDRADE GUTIERREZ PARTICIPACOES S.A.,Financeiro,Holdings Diversificadas,Holdings Diversificadas,-306201e3,-34283e3,11588e3,NA,TRUE
ANIMA HOLDING S.A.,Consumo Cíclico,Diversos,Serviços Educacionais,703368e3,38124e3,42259e3,NA,TRUE
AREZZO INDÚSTRIA E COMÉRCIO S.A.,Consumo Cíclico,Comércio,Tecidos. Vestuário e Calçados,644114e3,23141e3,42919e3,NA,TRUE
ATACADÃO S.A.,Consumo não Cíclico,Comércio e Distribuição,Alimentos,14558e6,505e6,-3917e6,NA,TRUE
ATOM EMPREENDIMENTOS E PARTICIPAÇÕES S.A.,Outros,Outros,Outros,4047e3,1027e3,2734e3,NA,TRUE
AZEVEDO E TRAVASSOS S.A.,Bens Industriais,Construção e Engenharia,Construção Pesada,-101375e3,-23021e3,8544e3,NA,TRUE
AZUL S.A.,Bens Industriais,Transporte,Transporte Aéreo,-471886e3,137678e3,215807e3,NA,TRUE
B2W - COMPANHIA DIGITAL,Consumo Cíclico,Comércio,Produtos Diversos,3379922e3,-139242e3,-465626e3,NA,TRUE
B3 S.A. - BRASIL. BOLSA. BALCÃO,Financeiro,Serviços Financeiros Diversos,Serviços Financeiros Diversos,25289954e3,606117e3,569098e3,NA,TRUE
BAHEMA S.A.,Consumo Cíclico,Diversos,Serviços Educacionais,57287e3,-1935e3,-892e3,434.286,TRUE
BANCO INTER S.A.,Financeiro,Intermediários Financeiros,Bancos,948084e3,12076e3,55713e3,NA,TRUE
BANESTES S.A. - BCO EST ESPIRITO SANTO,Financeiro,Intermediários Financeiros,Bancos,1523492e3,63366e3,919801e3,NA,TRUE
BARDELLA S.A. INDUSTRIAS MECANICAS,Bens Industriais,Máquinas e Equipamentos,Máq. e Equip. Industriais,10673e4,-95862e3,-18263e3,NA,TRUE
BATTISTELLA ADM PARTICIPACOES S.A.,Financeiro,Holdings Diversificadas,Holdings Diversificadas,138e4,962e3,1446e3,NA,TRUE
BAUMER S.A.,Saúde,Equipamentos,Equipamentos,107514e3,1604e3,4552e3,NA,TRUE
BB SEGURIDADE PARTICIPAÇÕES S.A.,Financeiro,Previdência e Seguros,Seguradoras,7792055e3,1013758e3,204714e3,NA,TRUE
BBM LOGISTICA S.A.,Bens Industriais,Serviços,Serviços Diversos,102037e3,2549e3,6339e3,0,TRUE
BCO ABC BRASIL S.A.,Financeiro,Intermediários Financeiros,Bancos,3824364e3,119554e3,2605001e3,NA,TRUE
BCO ALFA DE INVESTIMENTO S.A.,Financeiro,Intermediários Financeiros,Bancos,1456953e3,16467e3,68882e3,NA,TRUE
BCO AMAZONIA S.A.,Financeiro,Intermediários Financeiros,Bancos,1987202e3,-873e4,413285e3,NA,TRUE
BCO BRADESCO S.A.,Financeiro,Intermediários Financeiros,Bancos,126674052e3,5820442e3,-13268092e3,NA,TRUE
BCO BRASIL S.A.,Financeiro,Intermediários Financeiros,Bancos,94521969e3,3917522e3,33546468e3,NA,TRUE
BCO BTG PACTUAL S.A.,Financeiro,Intermediários Financeiros,Bancos,1939462e4,618845e3,8712557e3,NA,TRUE
BCO ESTADO DE SERGIPE S.A. - BANESE,Financeiro,Intermediários Financeiros,Bancos,424975e3,19035e3,96124e3,NA,TRUE
BCO ESTADO DO PARA S.A.,Financeiro,Intermediários Financeiros,Bancos,1283503e3,66211e3,277846e3,2.083,TRUE
BCO ESTADO DO RIO GRANDE DO SUL S.A.,Financeiro,Intermediários Financeiros,Bancos,7364946e3,319957e3,-43428e3,NA,TRUE
BCO INDUSVAL S.A.,Financeiro,Intermediários Financeiros,Bancos,108177e3,-37266e3,-302555e3,NA,TRUE
BCO MERCANTIL DE INVESTIMENTOS S.A.,Financeiro,Intermediários Financeiros,Bancos,118931e3,-129e3,2298e3,409.047,TRUE
BCO MERCANTIL DO BRASIL S.A.,Financeiro,Intermediários Financeiros,Bancos,820955e3,28048e3,104996e3,NA,TRUE
BCO NORDESTE DO BRASIL S.A.,Financeiro,Intermediários Financeiros,Bancos,4498732e3,286439e3,166761e4,604.527,TRUE
BCO PAN S.A.,Financeiro,Intermediários Financeiros,Bancos,4154081e3,96107e3,310783e3,NA,TRUE
BCO PATAGONIA S.A.,Financeiro,Intermediários Financeiros,Bancos,2165557e3,236366e3,-273536e3,NA,TRUE
BCO PINE S.A.,Financeiro,Intermediários Financeiros,Bancos,830161e3,-40746e3,-786498e3,NA,TRUE
BCO SANTANDER (BRASIL) S.A.,Financeiro,Intermediários Financeiros,Bancos,94207683e3,3673589e3,6774324e3,NA,TRUE
BETA SECURITIZADORA S.A.,Financeiro,Securitizadoras de Recebíveis,Securitizadoras de Recebíveis,816e3,3e3,9e3,NA,TRUE
BETAPART PARTICIPACOES S.A.,Outros,Outros,Outros,953e3,-63e3,-44e3,3,TRUE
BICICLETAS MONARK S.A.,Consumo Cíclico,Viagens e Lazer,Bicicletas,18915e4,434e3,-133e3,137.474,TRUE
BIOMM S.A.,Saúde,Medicamentos e Outros Produtos,Medicamentos e Outros Produtos,9209e4,-15766e3,-10763e3,NA,TRUE
BIOSEV S.A.,Consumo não Cíclico,Alimentos Processados,Açucar e Alcool,532846e3,-119913e4,638373e3,NA,TRUE
BIOTOSCANA INVESTMENTS S.A.,Saúde,Medicamentos e Outros Produtos,Medicamentos e Outros Produtos,736584709,7998911,-2550764,NA,FALSE
BK BRASIL OPERAÇÃO E ASSESSORIA A RESTAURANTES SA,Consumo Cíclico,Hoteis e Restaurantes,Restaurante e Similares,1762908e3,3051e3,-58232e3,NA,TRUE
BNDES PARTICIPACOES S.A. - BNDESPAR,Financeiro,Serviços Financeiros Diversos,Gestão de Recursos e Investimentos,104229544e3,5845678e3,719935e4,0,TRUE
BOMBRIL S.A.,Consumo não Cíclico,Produtos de Uso Pessoal e de Limpeza,Produtos de Limpeza,-246898e3,-5509e3,27664e3,NA,TRUE
BR HOME CENTERS S.A.,Consumo Cíclico,Comércio,Produtos Diversos,-51503e3,-14491e3,11174e3,0,TRUE
BR MALLS PARTICIPACOES S.A.,Financeiro,Exploração de Imóveis,Exploração de Imóveis,11067457e3,165511e3,207634e3,NA,TRUE
BR PROPERTIES S.A.,Financeiro,Exploração de Imóveis,Exploração de Imóveis,5703996e3,-167888e3,92711e3,NA,TRUE
BRADESCO LEASING S.A. ARREND MERCANTIL,Financeiro,Intermediários Financeiros,Soc. Arrendamento Mercantil,3418297e3,72025e3,-132935e3,0,TRUE
BRADESPAR S.A.,Materiais Básicos,Mineração,Minerais Metálicos,9661845e3,-355091e3,63461e3,NA,TRUE
BRASIL BROKERS PARTICIPACOES S.A.,Financeiro,Exploração de Imóveis,Intermediação Imobiliária,215588e3,-6355e3,-12241e3,NA,TRUE
BRASILAGRO - CIA BRAS DE PROP AGRICOLAS,Consumo não Cíclico,Agropecuária,Agricultura,88838e4,140076e3,-6095e3,NA,TRUE
BRASKEM S.A.,Materiais Básicos,Químicos,Petroquímicos,7194366e3,1016492e3,1044299e3,NA,TRUE
BRAZIL REALTY CIA SECURIT. CRÉD. IMOBILIÁRIOS,Financeiro,Securitizadoras de Recebíveis,Securitizadoras de Recebíveis,-227670,-29985,-16186,0,FALSE
BRAZILIAN FINANCE E REAL ESTATE S.A.,Financeiro,Serviços Financeiros Diversos,Gestão de Recursos e Investimentos,176068e3,3855e3,982e3,0,TRUE
BRAZILIAN SECURITIES CIA SECURITIZACAO,Financeiro,Securitizadoras de Recebíveis,Securitizadoras de Recebíveis,221829e3,-7e4,-102e4,0,TRUE
BRB BCO DE BRASILIA S.A.,Financeiro,Intermediários Financeiros,Bancos,1439394e3,188543e3,367392e3,NA,TRUE
BRC SECURITIZADORA S.A.,Financeiro,Securitizadoras de Recebíveis,Securitizadoras de Recebíveis,1044239,175725,45604,453.44,FALSE
BRF S.A.,Consumo não Cíclico,Alimentos Processados,Carnes e Derivados,7299159e3,-1012331e3,12302e3,NA,TRUE
BRPR 55 SECURITIZADORA CRED IMOB S.A.,Financeiro,Securitizadoras de Recebíveis,Securitizadoras de Recebíveis,36103e3,-1071e3,3713e3,NA,TRUE
BRPR 56 SECURITIZADORA CRED IMOB S.A.,Financeiro,Securitizadoras de Recebíveis,Securitizadoras de Recebíveis,163002e3,6374e3,34122e3,340.063,TRUE
BRQ SOLUCOES EM INFORMATICA S.A.,Tecnologia da Informação,Programas e Serviços,Programas e Serviços,92954e3,5866e3,-2122e3,NA,TRUE
BV LEASING - ARRENDAMENTO MERCANTIL S.A.,Financeiro,Intermediários Financeiros,Soc. Arrendamento Mercantil,987932e3,5407e3,200914e3,510.404,TRUE
CABINDA PARTICIPACOES S.A.,Outros,Outros,Outros,6e4,-2e4,-17e3,NA,TRUE
CACHOEIRA PAULISTA TRANSMISSORA ENERGIA S.A.,Utilidade Pública,Energia Elétrica,Energia Elétrica,140116e3,405e4,8822e3,NA,TRUE
CACONDE PARTICIPACOES S.A.,Outros,Outros,Outros,49e3,-21e3,-17e3,NA,TRUE
CAMBUCI S.A.,Consumo Cíclico,Tecidos. Vestuário e Calçados,Calçados,37333e3,4142e3,-7138e3,NA,TRUE
CAMIL ALIMENTOS S.A.,Consumo não Cíclico,Alimentos Processados,Alimentos Diversos,2238772e3,49794e3,100186e3,NA,TRUE
CAPITALPART PARTICIPACOES S.A.,Outros,Outros,Outros,193632,-139690,-5950,933,FALSE
CCR S.A.,Bens Industriais,Transporte,Exploração de Rodovias,881546e4,355151e3,1066227e3,NA,TRUE
CCX CARVÃO DA COLÔMBIA S.A.,Outros,Outros,Outros,-47643e3,-1175e3,-652e3,744.796,TRUE
CELULOSE IRANI S.A.,Materiais Básicos,Madeira e Papel,Papel e Celulose,309696e3,-6363e3,-16478e3,NA,TRUE
CEMEPE INVESTIMENTOS S.A.,Outros,Outros,Outros,-5473e3,-59e3,-27e3,35.693,TRUE
CEMIG DISTRIBUICAO S.A.,Utilidade Pública,Energia Elétrica,Energia Elétrica,4830712e3,188354e3,381053e3,0,TRUE
CEMIG GERACAO E TRANSMISSAO S.A.,Utilidade Pública,Energia Elétrica,Energia Elétrica,5563352e3,583216e3,270704e3,0,TRUE
CENTRAIS ELET BRAS S.A. - ELETROBRAS,Utilidade Pública,Energia Elétrica,Energia Elétrica,57439567e3,1347354e3,-36198e4,NA,TRUE
CENTRAIS ELET DE SANTA CATARINA S.A.,Utilidade Pública,Energia Elétrica,Energia Elétrica,1879785e3,7267e4,290216e3,NA,TRUE
CENTRAIS ELET DO PARA S.A. - CELPA,Utilidade Pública,Energia Elétrica,Energia Elétrica,3057231e3,5115e4,27808e4,NA,TRUE
CENTRO DE IMAGEM DIAGNOSTICOS S.A.,Saúde,Serv.Méd.Hospit..Análises e Diagnósticos,Serv.Méd.Hospit..Análises e Diagnósticos,1303495e3,11494e3,38585e3,NA,TRUE
CESP - CIA ENERGETICA DE SAO PAULO,Utilidade Pública,Energia Elétrica,Energia Elétrica,6945826e3,-158243e3,12302e3,NA,TRUE
CIA BRASILEIRA DE DISTRIBUICAO,Consumo não Cíclico,Comércio e Distribuição,Alimentos,1368e7,219e6,-4608e6,NA,TRUE
CIA CATARINENSE DE AGUAS E SANEAM.-CASAN,Utilidade Pública,água e Saneamento,água e Saneamento,1298595e3,5259e4,73781e3,24.187,TRUE
CIA CELG DE PARTICIPACOES - CELGPAR,Utilidade Pública,Energia Elétrica,Energia Elétrica,-1712767e3,13727e3,-4007e3,77.81,TRUE
CIA DISTRIB DE GAS DO RIO DE JANEIRO-CEG,Utilidade Pública,Gás,Gás,1359676e3,66674e3,73221e3,451.373,TRUE
CIA ELETRICIDADE EST. DA BAHIA - COELBA,Utilidade Pública,Energia Elétrica,Energia Elétrica,4942255e3,230547e3,355596e3,NA,TRUE
CIA ENERGETICA DE BRASILIA,Utilidade Pública,Energia Elétrica,Energia Elétrica,769593,17531,51444,NA,FALSE
CIA ENERGETICA DE MINAS GERAIS - CEMIG,Utilidade Pública,Energia Elétrica,Energia Elétrica,16735702e3,797239e3,616004e3,NA,TRUE
CIA ENERGETICA DE PERNAMBUCO - CELPE,Utilidade Pública,Energia Elétrica,Energia Elétrica,1635716e3,38016e3,118489e3,NA,TRUE
CIA ENERGETICA DO CEARA - COELCE,Utilidade Pública,Energia Elétrica,Energia Elétrica,2869606e3,701e4,-6056e3,NA,TRUE
CIA ENERGETICA DO MARANHAO - CEMAR,Utilidade Pública,Energia Elétrica,Energia Elétrica,2979104e3,126589e3,272328e3,NA,TRUE
CIA ENERGETICA DO RIO GDE NORTE - COSERN,Utilidade Pública,Energia Elétrica,Energia Elétrica,1028727e3,55531e3,109717e3,NA,TRUE
CIA ESTADUAL DE DISTRIB ENER ELET-CEEE-D,Utilidade Pública,Energia Elétrica,Energia Elétrica,-2589949e3,-237508e3,91972e3,NA,TRUE
CIA ESTADUAL GER.TRANS.ENER.ELET-CEEE-GT,Utilidade Pública,Energia Elétrica,Energia Elétrica,2489123e3,93619e3,46602e3,NA,TRUE
CIA FERRO LIGAS DA BAHIA - FERBASA,Materiais Básicos,Siderurgia e Metalurgia,Siderurgia,1789602e3,46059e3,32028e3,NA,TRUE
CIA FIACAO TECIDOS CEDRO CACHOEIRA,Consumo Cíclico,Tecidos. Vestuário e Calçados,Fios e Tecidos,18825e4,-20451e3,8668e3,NA,TRUE
CIA GAS DE SAO PAULO - COMGAS,Utilidade Pública,Gás,Gás,2921935e3,200056e3,320911e3,NA,TRUE
CIA HABITASUL DE PARTICIPACOES,Financeiro,Exploração de Imóveis,Exploração de Imóveis,264143e3,-1967e4,-4298e3,NA,TRUE
CIA HERING,Consumo Cíclico,Tecidos. Vestuário e Calçados,Vestuário,1348337e3,46685e3,91415e3,NA,TRUE
CIA INDUSTRIAL CATAGUASES,Consumo Cíclico,Tecidos. Vestuário e Calçados,Fios e Tecidos,124756e3,-5353e3,-9209e3,44.287,TRUE
CIA LOCAÇÃO DAS AMÉRICAS,Consumo Cíclico,Diversos,Aluguel de carros,2619927e3,73804e3,-420846e3,NA,TRUE
CIA MELHORAMENTOS DE SAO PAULO,Materiais Básicos,Madeira e Papel,Papel e Celulose,913111e3,-6873e3,1975e3,755.311,TRUE
CIA PARANAENSE DE ENERGIA - COPEL,Utilidade Pública,Energia Elétrica,Energia Elétrica,16838841,505962,803091,NA,FALSE
CIA PARTICIPACOES ALIANCA DA BAHIA,Financeiro,Holdings Diversificadas,Holdings Diversificadas,542283e3,13827e3,19621e3,NA,TRUE
CIA PAULISTA DE FORCA E LUZ,Utilidade Pública,Energia Elétrica,Energia Elétrica,2098807e3,187465e3,5357e5,0,TRUE
CIA PIRATININGA DE FORCA E LUZ,Utilidade Pública,Energia Elétrica,Energia Elétrica,58535e4,67491e3,388333e3,0,TRUE
CIA SANEAMENTO BASICO EST SAO PAULO,Utilidade Pública,água e Saneamento,água e Saneamento,20198979e3,647291e3,58984e4,NA,TRUE
CIA SANEAMENTO DE MINAS GERAIS-COPASA MG,Utilidade Pública,água e Saneamento,água e Saneamento,6360379e3,186735e3,375176e3,NA,TRUE
CIA SANEAMENTO DO PARANA - SANEPAR,Utilidade Pública,água e Saneamento,água e Saneamento,5934736e3,217548e3,284324e3,NA,TRUE
CIA SEGUROS ALIANCA DA BAHIA,Financeiro,Previdência e Seguros,Seguradoras,172858e3,5719e3,2054e3,NA,TRUE
CIA SIDERURGICA NACIONAL,Materiais Básicos,Siderurgia e Metalurgia,Siderurgia,10250388e3,86763e3,118597e4,NA,TRUE
CIA TECIDOS NORTE DE MINAS COTEMINAS,Consumo Cíclico,Tecidos. Vestuário e Calçados,Fios e Tecidos,1942439e3,148775e3,1359e3,NA,TRUE
CIA TECIDOS SANTANENSE,Consumo Cíclico,Tecidos. Vestuário e Calçados,Fios e Tecidos,276321e3,-1302e3,7724e3,NA,TRUE
CIBRASEC - COMPANHIA BRASILEIRA DE SECURITIZACAO,Financeiro,Securitizadoras de Recebíveis,Securitizadoras de Recebíveis,75542e3,1081e3,4225e3,41.649,TRUE
CIELO S.A.,Financeiro,Serviços Financeiros Diversos,Serviços Financeiros Diversos,904013e4,548532e3,99752e3,NA,TRUE
CIMS S.A.,Outros,Outros,Outros,150970,-65048,-63136,0,FALSE
CINESYSTEM S.A.,Consumo Cíclico,Mídia,Produção e Difusão de Filmes e Programas,39307e3,-1577e3,7176e3,0,TRUE
CONC AUTO RAPOSO TAVARES S.A.,Bens Industriais,Transporte,Exploração de Rodovias,6703e5,-22568e3,54567e3,NA,TRUE
CONC DO AEROPORTO INTERNACIONAL DE GUARULHOS S.A.,Bens Industriais,Transporte,Serviços de Apoio e Armazenagem,-1099337e3,-180546e3,367748e3,NA,TRUE
CONC ECOVIAS IMIGRANTES S.A.,Bens Industriais,Transporte,Exploração de Rodovias,532073e3,89363e3,139739e3,0,TRUE
CONC RIO-TERESOPOLIS S.A.,Bens Industriais,Transporte,Exploração de Rodovias,146964e3,11705e3,39622e3,86.466,TRUE
CONC ROD AYRTON SENNA E CARV PINTO S.A.-ECOPISTAS,Bens Industriais,Transporte,Exploração de Rodovias,581283e3,4711e3,48262e3,0,TRUE
CONC ROD.OESTE SP VIAOESTE S.A,Bens Industriais,Transporte,Exploração de Rodovias,243939e3,73546e3,114939e3,0,TRUE
CONC RODOVIAS DO TIETÊ S.A.,Bens Industriais,Transporte,Exploração de Rodovias,-57579e3,-25415e3,39422e3,0,TRUE
CONC ROTA DAS BANDEIRAS S.A.,Bens Industriais,Transporte,Exploração de Rodovias,850087e3,5724e3,42467e3,0,TRUE
CONC SIST ANHANG-BANDEIRANT S.A. AUTOBAN,Bens Industriais,Transporte,Exploração de Rodovias,466242e3,170142e3,233043e3,0,TRUE
CONSERVAS ODERICH S.A.,Consumo não Cíclico,Alimentos Processados,Alimentos Diversos,182842e3,8088e3,11712e3,197.952,TRUE
CONSORCIO ALFA DE ADMINISTRACAO S.A.,Financeiro,Previdência e Seguros,Seguradoras,1706906e3,20014e3,27535e3,NA,TRUE
CONSTRUTORA ADOLPHO LINDENBERG S.A.,Consumo Cíclico,Construção Civil,Incorporações,18244e3,-7781e3,-5483e3,51.644,TRUE
CONSTRUTORA TENDA S.A.,Consumo Cíclico,Construção Civil,Incorporações,1201012e3,50545e3,48874e3,NA,TRUE
CORREA RIBEIRO S.A. COMERCIO E INDUSTRIA,Financeiro,Exploração de Imóveis,Exploração de Imóveis,-3471e3,-608e3,-816e3,16.864,TRUE
COSAN LOGISTICA S.A.,Bens Industriais,Transporte,Transporte Ferroviário,7796069e3,26372e3,521329e3,NA,TRUE
COSAN S.A.,Petróleo. Gás e Biocombustíveis,Petróleo. Gás e Biocombustíveis,Exploração. Refino e Distribuição,10129492e3,42902e4,239673e3,NA,TRUE
CPFL ENERGIA S.A.,Utilidade Pública,Energia Elétrica,Energia Elétrica,13100743e3,570358e3,1898319e3,NA,TRUE
CPFL ENERGIAS RENOVÁVEIS S.A.,Utilidade Pública,Energia Elétrica,Energia Elétrica,4154242e3,-93023e3,116292e3,291.55,TRUE
CPFL GERACAO DE ENERGIA S.A.,Utilidade Pública,Energia Elétrica,Energia Elétrica,4897486e3,86975e3,315654e3,0,TRUE
CR2 EMPREENDIMENTOS IMOBILIARIOS S.A.,Consumo Cíclico,Construção Civil,Incorporações,161493e3,-6167e3,-1181e3,NA,TRUE
CRISTAL PIGMENTOS DO BRASIL S.A.,Materiais Básicos,Químicos,Químicos Diversos,513456e3,19921e3,-712e4,NA,TRUE
CSU CARDSYSTEM S.A.,Bens Industriais,Serviços,Serviços Diversos,245532e3,4514e3,26543e3,NA,TRUE
CTC - CENTRO DE TECNOLOGIA CANAVIEIRA S.A.,Consumo não Cíclico,Agropecuária,Agricultura,579621e3,23597e3,74931e3,158.271,TRUE
CTEEP - CIA TRANSMISSÃO ENERGIA ELÉTRICA PAULISTA,Utilidade Pública,Energia Elétrica,Energia Elétrica,11705069e3,357391e3,389988e3,NA,TRUE
CVC BRASIL OPERADORA E AGÊNCIA DE VIAGENS S.A.,Consumo Cíclico,Viagens e Lazer,Viagens e Turismo,121107e4,96071e3,898e3,NA,TRUE
CYRELA BRAZIL REALTY S.A.EMPREEND E PART,Consumo Cíclico,Construção Civil,Incorporações,5567989e3,614e5,102634e3,NA,TRUE
CYRELA COMMERCIAL PROPERT S.A. EMPR PART,Financeiro,Exploração de Imóveis,Exploração de Imóveis,1781094e3,17761e3,26364e3,NA,TRUE
DIAGNOSTICOS DA AMERICA S.A.,Saúde,Serv.Méd.Hospit..Análises e Diagnósticos,Serv.Méd.Hospit..Análises e Diagnósticos,3472967e3,6788e4,-130535e3,NA,TRUE
DIBENS LEASING S.A. - ARREND.MERCANTIL,Financeiro,Intermediários Financeiros,Soc. Arrendamento Mercantil,5395004e3,86428e3,10106933e3,0,TRUE
DIMED S.A. DISTRIBUIDORA DE MEDICAMENTOS,Saúde,Comércio e Distribuição,Medicamentos e Outros Produtos,477291e3,13379e3,-15133e3,NA,TRUE
DIRECIONAL ENGENHARIA S.A.,Consumo Cíclico,Construção Civil,Incorporações,1366647e3,26754e3,17476e3,NA,TRUE
DOHLER S.A.,Consumo Cíclico,Tecidos. Vestuário e Calçados,Fios e Tecidos,57374e4,2836e3,15346e3,NA,TRUE
DOMMO ENERGIA S.A.,Petróleo. Gás e Biocombustíveis,Petróleo. Gás e Biocombustíveis,Exploração. Refino e Distribuição,-397491e3,-40819e3,-1248e3,NA,TRUE
DTCOM - DIRECT TO COMPANY S.A.,Bens Industriais,Serviços,Serviços Diversos,4203e3,-2272e3,125e4,185.908,TRUE
DURATEX S.A.,Materiais Básicos,Madeira e Papel,Madeira,4670893e3,23898e3,91668e3,NA,TRUE
ECO SECURITIZADORA DIREITOS CRED AGRONEGÓCIO S.A.,Não Classificados,Não Classificado,Não Classificados,694e3,-392e3,-1141e3,0,TRUE
ECORODOVIAS CONCESSÕES E SERVIÇOS S.A.,Bens Industriais,Transporte,Exploração de Rodovias,1099369e3,137114e3,127249e3,0,TRUE
ECORODOVIAS INFRAESTRUTURA E LOGÍSTICA S.A.,Bens Industriais,Transporte,Exploração de Rodovias,726388e3,86069e3,153096e3,NA,TRUE
EDP - ENERGIAS DO BRASIL S.A.,Utilidade Pública,Energia Elétrica,Energia Elétrica,9908718e3,346187e3,804257e3,NA,TRUE
EDP ESPIRITO SANTO DISTRIBUIÇÃO DE ENERGIA S.A.,Utilidade Pública,Energia Elétrica,Energia Elétrica,988245e3,63212e3,229575e3,NA,TRUE
EDP SÃO PAULO DISTRIBUIÇÃO DE ENERGIA S.A.,Utilidade Pública,Energia Elétrica,Energia Elétrica,127033e4,72921e3,201296e3,NA,TRUE
ELECTRO ACO ALTONA S.A.,Bens Industriais,Máquinas e Equipamentos,Máq. e Equip. Industriais,160374e3,575e4,-8685e3,NA,TRUE
ELEKEIROZ S.A.,Materiais Básicos,Químicos,Petroquímicos,215256e3,29463e3,9478e3,NA,TRUE
ELEKTRO REDES S.A.,Utilidade Pública,Energia Elétrica,Energia Elétrica,2414974e3,10616e4,80879e3,623.844,TRUE
ELETROBRÁS PARTICIPAÇÕES S.A. - ELETROPAR,Utilidade Pública,Energia Elétrica,Energia Elétrica,188637e3,-2957e3,-5e3,NA,TRUE
ELETRON S.A.,Outros,Outros,Outros,1207552e3,17406e3,-38e4,2,TRUE
ELETROPAULO METROP. ELET. SAO PAULO S.A.,Utilidade Pública,Energia Elétrica,Energia Elétrica,2950031e3,69051e3,395537e3,NA,TRUE
EMAE - EMPRESA METROP.AGUAS ENERGIA S.A.,Utilidade Pública,Energia Elétrica,Energia Elétrica,889625e3,2077e4,42101e3,NA,TRUE
EMBRAER S.A.,Bens Industriais,Material de Transporte,Material Aeronáutico e de Defesa,1516518e4,-155884e3,-127739e4,NA,TRUE
EMPRESA CONC RODOV DO NORTE S.A.ECONORTE,Bens Industriais,Transporte,Exploração de Rodovias,-108418e3,-2985e3,7718e3,NA,TRUE
EMPRESA NAC COM REDITO PART S.A.ENCORPAR,Consumo Cíclico,Tecidos. Vestuário e Calçados,Fios e Tecidos,21511e4,16863e3,-448e3,337.76,TRUE
ENAUTA PARTICIPAÇÕES S.A.,Petróleo. Gás e Biocombustíveis,Petróleo. Gás e Biocombustíveis,Exploração. Refino e Distribuição,3225347e3,50975e3,10715e4,NA,TRUE
ENERGISA MATO GROSSO DO SUL - DIST DE ENERGIA S.A.,Utilidade Pública,Energia Elétrica,Energia Elétrica,874838e3,98556e3,97964e3,421,TRUE
ENERGISA MATO GROSSO-DISTRIBUIDORA DE ENERGIA S/A,Utilidade Pública,Energia Elétrica,Energia Elétrica,1865047e3,119024e3,348253e3,NA,TRUE
ENERGISA S.A.,Utilidade Pública,Energia Elétrica,Energia Elétrica,6312856e3,128774e3,604653e3,NA,TRUE
ENEVA S.A,Utilidade Pública,Energia Elétrica,Energia Elétrica,6427807e3,129401e3,247372e3,NA,TRUE
ENGIE BRASIL ENERGIA S.A.,Utilidade Pública,Energia Elétrica,Energia Elétrica,6888325e3,56549e4,951477e3,NA,TRUE
EQUATORIAL ENERGIA S.A.,Utilidade Pública,Energia Elétrica,Energia Elétrica,6735408e3,257742e3,-6781e4,NA,TRUE
ESTACIO PARTICIPACOES S.A.,Consumo Cíclico,Diversos,Serviços Educacionais,2835893e3,240797e3,200719e3,NA,TRUE
ETERNIT S.A.,Bens Industriais,Construção e Engenharia,Produtos para Construção,-13217e3,-25464e3,-36522e3,NA,TRUE
EUCATEX S.A. INDUSTRIA E COMERCIO,Materiais Básicos,Madeira e Papel,Madeira,12742e5,11349e3,58636e3,NA,TRUE
EVEN CONSTRUTORA E INCORPORADORA S.A.,Consumo Cíclico,Construção Civil,Incorporações,1859098e3,54142e3,-2518e3,NA,TRUE
EXCELSIOR ALIMENTOS S.A.,Consumo não Cíclico,Alimentos Processados,Carnes e Derivados,65533e3,16386e3,4199e3,NA,TRUE
EZ TEC EMPREEND. E PARTICIPACOES S.A.,Consumo Cíclico,Construção Civil,Incorporações,2655143e3,174e5,10382e3,NA,TRUE
FERREIRA GOMES ENERGIA S.A.,Utilidade Pública,Energia Elétrica,Energia Elétrica,870822e3,-9807e3,24389e3,0,TRUE
FERROVIA CENTRO-ATLANTICA S.A.,Bens Industriais,Transporte,Transporte Ferroviário,4523421e3,-78232e3,190166e3,23,TRUE
FERTILIZANTES HERINGER S.A.,Materiais Básicos,Químicos,Fertilizantes e Defensivos,-713389e3,-91553e3,-12249e3,NA,TRUE
FINANCEIRA ALFA S.A.- CRED FINANC E INVS,Financeiro,Intermediários Financeiros,Soc. Crédito e Financiamento,910359e3,11315e3,96975e3,NA,TRUE
FINANSINOS S.A.- CREDITO FINANC E INVEST,Financeiro,Intermediários Financeiros,Soc. Crédito e Financiamento,1379e4,-249e3,-123e3,303.03,TRUE
FLEURY S.A.,Saúde,Serv.Méd.Hospit..Análises e Diagnósticos,Serv.Méd.Hospit..Análises e Diagnósticos,1628523e3,92574e3,108262e3,NA,TRUE
FLEX GESTÃO DE RELACIONAMENTOS S.A.,Bens Industriais,Serviços,Serviços Diversos,6876e4,-2866e3,-3885e3,0,TRUE
FRAS-LE S.A.,Bens Industriais,Material de Transporte,Material Rodoviário,821987e3,-2518e3,19165e3,NA,TRUE
GAFISA S.A.,Consumo Cíclico,Construção Civil,Incorporações,449455e3,-46599e3,-31884e3,NA,TRUE
GAIA AGRO SECURITIZADORA S.A.,Financeiro,Securitizadoras de Recebíveis,Securitizadoras de Recebíveis,1e5,-68e3,0,0,TRUE
GAIA SECURITIZADORA S.A.,Financeiro,Securitizadoras de Recebíveis,Securitizadoras de Recebíveis,93e4,41e3,0,0,TRUE
GAMA PARTICIPACOES S.A.,Outros,Outros,Outros,1288e3,-43e3,-44e3,417,TRUE
GENERAL SHOPPING E OUTLETS DO BRASIL S.A.,Financeiro,Exploração de Imóveis,Exploração de Imóveis,10953e3,-2773e4,3757e4,NA,TRUE
GERDAU S.A.,Materiais Básicos,Siderurgia e Metalurgia,Siderurgia,26446351e3,452626e3,-388447e3,NA,TRUE
GOL LINHAS AEREAS INTELIGENTES S.A.,Bens Industriais,Transporte,Transporte Aéreo,-6651579e3,35206e3,406041e3,NA,TRUE
GP INVESTMENTS. LTD.,Financeiro,Serviços Financeiros Diversos,Gestão de Recursos e Investimentos,2437324e3,75454e3,-36385e3,NA,TRUE
GPC PARTICIPACOES S.A.,Materiais Básicos,Químicos,Petroquímicos,193266e3,593e4,-5387e3,NA,TRUE
GRAZZIOTIN S.A.,Consumo Cíclico,Comércio,Tecidos. Vestuário e Calçados,505067067,6983061,4422421,NA,FALSE
GRENDENE S.A.,Consumo Cíclico,Tecidos. Vestuário e Calçados,Calçados,3425862e3,7652e4,247551e3,NA,TRUE
GRUPO SBF SA,Consumo Cíclico,Comércio,Produtos Diversos,187697e3,-4143e3,-215288e3,NA,TRUE
GUARARAPES CONFECCOES S.A.,Consumo Cíclico,Comércio,Tecidos. Vestuário e Calçados,4930652e3,29312e3,-498238e3,NA,TRUE
HAGA S.A. INDUSTRIA E COMERCIO,Bens Industriais,Construção e Engenharia,Produtos para Construção,-78493030,-1651174,-3819065,NA,FALSE
HAPVIDA PARTICIPACOES E INVESTIMENTOS SA,Saúde,Serv.Méd.Hospit..Análises e Diagnósticos,Serv.Méd.Hospit..Análises e Diagnósticos,3820249e3,205394e3,229958e3,NA,TRUE
HELBOR EMPREENDIMENTOS S.A.,Consumo Cíclico,Construção Civil,Incorporações,1125453e3,-39963e3,51582e3,NA,TRUE
HERCULES S.A. FABRICA DE TALHERES,Consumo Cíclico,Utilidades Domésticas,Utensílios Domésticos,-386457e3,-49e3,0,243.75,TRUE
HOTEIS OTHON S.A.,Consumo Cíclico,Hoteis e Restaurantes,Hotelaria,-249277e3,-3098e3,2017e3,NA,TRUE
HYPERA S.A.,Saúde,Comércio e Distribuição,Medicamentos e Outros Produtos,8425759e3,321182e3,191818e3,NA,TRUE
IDEIASNET S.A.,Financeiro,Serviços Financeiros Diversos,Serviços Financeiros Diversos,14012e3,791e3,-1206e3,NA,TRUE
IGB ELETRÔNICA S/A,Financeiro,Exploração de Imóveis,Exploração de Imóveis,-849061e3,-9825e3,1154e3,NA,TRUE
IGUA SANEAMENTO S.A.,Utilidade Pública,água e Saneamento,água e Saneamento,701682e3,4349e3,-11594e3,0,TRUE
IGUATEMI EMPRESA DE SHOPPING CENTERS S.A,Financeiro,Exploração de Imóveis,Exploração de Imóveis,2900283e3,55453e3,89698e3,NA,TRUE
INDUSTRIAS J B DUARTE S.A.,Outros,Outros,Outros,14496e3,16629e3,251e3,NA,TRUE
INDUSTRIAS ROMI S.A.,Bens Industriais,Máquinas e Equipamentos,Máq. e Equip. Industriais,753628e3,873e5,-5926e3,NA,TRUE
INEPAR S.A. INDUSTRIA E CONSTRUCOES,Bens Industriais,Máquinas e Equipamentos,Máq. e Equip. Industriais,-1587478e3,-311886e3,-2188e3,0,TRUE
INNCORP S.A.,Outros,Outros,Outros,-167916,-154354,-3909,0,FALSE
INSTITUTO HERMES PARDINI S.A.,Saúde,Serv.Méd.Hospit..Análises e Diagnósticos,Serv.Méd.Hospit..Análises e Diagnósticos,624985e3,29069e3,36554e3,NA,TRUE
INTER CONSTRUTORA E INCORPORADORA S.A.,Consumo Cíclico,Construção Civil,Incorporações,56410261,6838569,1770187,0,FALSE
INTERNATIONAL MEAL COMPANY ALIMENTACAO S.A.,Consumo Cíclico,Hoteis e Restaurantes,Restaurante e Similares,913566e3,-8003e3,16013e3,NA,TRUE
INVESTIMENTOS BEMGE S.A.,Outros,Outros,Outros,222172e3,2146e3,0,42.57,TRUE
INVESTIMENTOS E PARTICIP. EM INFRA S.A. - INVEPAR,Bens Industriais,Transporte,Serviços de Apoio e Armazenagem,1495728e3,-295988e3,581424e3,NA,TRUE
IOCHPE MAXION S.A.,Consumo Cíclico,Automóveis e Motocicletas,Automóveis e Motocicletas,3214234e3,81054e3,-196078e3,NA,TRUE
IRB - BRASIL RESSEGUROS S.A.,Financeiro,Previdência e Seguros,Seguradoras,366117e4,350427e3,1023022e3,NA,TRUE
ITAPEBI GERACAO DE ENERGIA S.A.,Utilidade Pública,Energia Elétrica,Energia Elétrica,316732e3,6368e3,-625e4,0,TRUE
ITAU UNIBANCO HOLDING S.A.,Financeiro,Intermediários Financeiros,Bancos,138659e6,6903e6,6597e6,NA,TRUE
ITAUSA INVESTIMENTOS ITAU S.A.,Financeiro,Intermediários Financeiros,Bancos,53361e6,2501e6,56e6,NA,TRUE
J. MACEDO S.A.,Consumo não Cíclico,Alimentos Processados,Alimentos Diversos,622192e3,-116e4,-213155e3,NA,TRUE
JBS S.A.,Consumo não Cíclico,Alimentos Processados,Carnes e Derivados,29446094e3,1168437e3,-132652e3,NA,TRUE
JEREISSATI PARTICIPACOES S.A.,Financeiro,Exploração de Imóveis,Exploração de Imóveis,2900836e3,473e5,86011e3,NA,TRUE
JHSF PARTICIPACOES S.A.,Consumo Cíclico,Construção Civil,Incorporações,2286225e3,16918e3,-40972e3,NA,TRUE
JOAO FORTES ENGENHARIA S.A.,Consumo Cíclico,Construção Civil,Incorporações,260839e3,-427819e3,166351e3,NA,TRUE
JOSAPAR-JOAQUIM OLIVEIRA S.A. - PARTICIP,Consumo não Cíclico,Alimentos Processados,Alimentos Diversos,663032e3,2423e3,14305e3,NA,TRUE
JSL S.A.,Bens Industriais,Transporte,Transporte Rodoviário,1326475e3,6076e4,-42093e3,NA,TRUE
KARSTEN S.A.,Consumo Cíclico,Tecidos. Vestuário e Calçados,Fios e Tecidos,-280082e3,-20086e3,2479e4,888.075,TRUE
KEPLER WEBER S.A.,Bens Industriais,Máquinas e Equipamentos,Máq. e Equip. Industriais,445107e3,4082e3,-12492e3,NA,TRUE
KLABIN S.A.,Materiais Básicos,Madeira e Papel,Papel e Celulose,6334688e3,-196164e3,432241e3,NA,TRUE
KROTON EDUCACIONAL S.A.,Consumo Cíclico,Diversos,Serviços Educacionais,16062783e3,250149e3,-267416e3,NA,TRUE
LIBRA TERMINAL RIO S.A.,Bens Industriais,Transporte,Serviços de Apoio e Armazenagem,-172151e3,18196e3,36073e3,0,TRUE
LIGHT S.A.,Utilidade Pública,Energia Elétrica,Energia Elétrica,3553715e3,164223e3,154456e3,NA,TRUE
LIGHT SERVICOS DE ELETRICIDADE S.A.,Utilidade Pública,Energia Elétrica,Energia Elétrica,2421501e3,-24628e3,15198e3,0,TRUE
LINX S.A.,Tecnologia da Informação,Programas e Serviços,Programas e Serviços,1076515e3,1718e4,45585e3,NA,TRUE
LIQ PARTICIPAÇÕES S.A.,Bens Industriais,Serviços,Serviços Diversos,50549e3,-51187e3,-542e3,NA,TRUE
LITEL PARTICIPACOES S.A.,Materiais Básicos,Mineração,Minerais Metálicos,31396825e3,-1355993e3,1214e3,0,TRUE
LOCALIZA RENT A CAR S.A.,Consumo Cíclico,Diversos,Aluguel de carros,5018286e3,21078e4,-419816e3,NA,TRUE
LOG COMMERCIAL PROPERTIES,Financeiro,Exploração de Imóveis,Exploração de Imóveis,2271097e3,13072e3,18816e3,NA,TRUE
LOG-IN LOGISTICA INTERMODAL S.A.,Bens Industriais,Transporte,Transporte Hidroviário,-349252e3,5225e3,55601e3,NA,TRUE
LOJAS AMERICANAS S.A.,Consumo Cíclico,Comércio,Produtos Diversos,5963585e3,-107082e3,-221375e3,NA,TRUE
LOJAS RENNER S.A.,Consumo Cíclico,Comércio,Tecidos. Vestuário e Calçados,4060519e3,161598e3,-70304e3,NA,TRUE
LONGDIS S.A.,Outros,Outros,Outros,-132535,-136350,-2424,24.013,FALSE
LPS BRASIL - CONSULTORIA DE IMOVEIS S.A.,Financeiro,Exploração de Imóveis,Intermediação Imobiliária,15413e3,-3274e3,938e3,NA,TRUE
LUPATECH S.A.,Petróleo. Gás e Biocombustíveis,Petróleo. Gás e Biocombustíveis,Equipamentos e Serviços,115171e3,-19596e3,-1075e3,NA,TRUE
M.DIAS BRANCO S.A. IND COM DE ALIMENTOS,Consumo não Cíclico,Alimentos Processados,Alimentos Diversos,5619792e3,56929e3,205507e3,NA,TRUE
MAESTRO LOCADORA DE VEICULOS S.A.,Consumo Cíclico,Diversos,Aluguel de carros,49533e3,791e3,5241e3,0,TRUE
MAGAZINE LUIZA S.A.,Consumo Cíclico,Comércio,Eletrodomésticos,2433043e3,132104e3,-121012e3,NA,TRUE
MAHLE-METAL LEVE S.A.,Consumo Cíclico,Automóveis e Motocicletas,Automóveis e Motocicletas,1404016e3,63218e3,60709e3,NA,TRUE
MANGELS INDUSTRIAL S.A.,Materiais Básicos,Siderurgia e Metalurgia,Artefatos de Ferro e Aço,-365718e3,-1593e3,-1645e4,NA,TRUE
MANUFATURA DE BRINQUEDOS ESTRELA S.A.,Consumo Cíclico,Viagens e Lazer,Brinquedos e Jogos,-452044e3,-14383e3,7171e3,553.1,TRUE
MARCOPOLO S.A.,Bens Industriais,Material de Transporte,Material Rodoviário,2182177e3,26993e3,89484e3,NA,TRUE
MARFRIG GLOBAL FOODS S.A.,Consumo não Cíclico,Alimentos Processados,Carnes e Derivados,4132467e3,142075e3,-711522e3,NA,TRUE
MARISA LOJAS S.A.,Consumo Cíclico,Comércio,Tecidos. Vestuário e Calçados,933576e3,-40865e3,-17514e3,NA,TRUE
MENDES JUNIOR ENGENHARIA S.A.,Bens Industriais,Construção e Engenharia,Construção Pesada,-10788329e3,-71731e3,66e3,331.286,TRUE
MERCANTIL BRASIL FINANC S.A. C.F.I.,Financeiro,Intermediários Financeiros,Soc. Crédito e Financiamento,239228e3,9307e3,4538e4,NA,TRUE
METALFRIO SOLUTIONS S.A.,Bens Industriais,Máquinas e Equipamentos,Máq. e Equip. Industriais,98302e3,17344e3,15458e3,NA,TRUE
METALGRAFICA IGUACU S.A.,Materiais Básicos,Embalagens,Embalagens,21640057,-3023001,2074877,43.163,FALSE
METALURGICA GERDAU S.A.,Materiais Básicos,Siderurgia e Metalurgia,Siderurgia,26258323e3,43898e4,-420189e3,NA,TRUE
METALURGICA RIOSULENSE S.A.,Bens Industriais,Material de Transporte,Material Rodoviário,-16203e3,3715e3,3727e3,139.898,TRUE
METISA METALURGICA TIMBOENSE S.A.,Bens Industriais,Máquinas e Equipamentos,Máq. e Equip. Construção e Agrícolas,234667110,4096528,13794218,NA,FALSE
MGI - MINAS GERAIS PARTICIPAÇÕES S.A.,Outros,Outros,Outros,435014e3,8724e3,25839e3,0,TRUE
MILLS ESTRUTURAS E SERVIÇOS DE ENGENHARIA S.A.,Bens Industriais,Construção e Engenharia,Serviços Diversos,741445e3,-92e5,24527e3,NA,TRUE
MINASMAQUINAS S.A.,Bens Industriais,Comércio,Material de Transporte,140519e3,7224e3,-13092e3,5.482,TRUE
MINERVA S.A.,Consumo não Cíclico,Alimentos Processados,Carnes e Derivados,-373645e3,-31406e3,239341e3,NA,TRUE
MINUPAR PARTICIPACOES S.A.,Consumo não Cíclico,Alimentos Processados,Carnes e Derivados,-35754e4,2452e3,1179e3,NA,TRUE
MMX MINERACAO E METALICOS S.A.,Materiais Básicos,Mineração,Minerais Metálicos,-620111e3,-7301e3,-195e3,NA,TRUE
MONTEIRO ARANHA S.A.,Financeiro,Holdings Diversificadas,Holdings Diversificadas,1100252e3,1271e4,5927e4,NA,TRUE
MOVIDA PARTICIPACOES SA,Consumo Cíclico,Diversos,Aluguel de carros,1680825e3,41983e3,-192938e3,NA,TRUE
MRS LOGISTICA S.A.,Bens Industriais,Transporte,Transporte Ferroviário,396017e4,115879e3,243322e3,NA,TRUE
MRV ENGENHARIA E PARTICIPACOES S.A.,Consumo Cíclico,Construção Civil,Incorporações,5067551e3,196789e3,-1259e3,NA,TRUE
MULTIPLAN - EMPREEND IMOBILIARIOS S.A.,Financeiro,Exploração de Imóveis,Exploração de Imóveis,5450583e3,91331e3,252182e3,NA,TRUE
MUNDIAL S.A. - PRODUTOS DE CONSUMO,Consumo Cíclico,Tecidos. Vestuário e Calçados,Acessórios,-13421e4,259e3,12205e3,NA,TRUE
NADIR FIGUEIREDO IND E COM S.A.,Consumo Cíclico,Utilidades Domésticas,Utensílios Domésticos,410305e3,12521e3,22416e3,440.406,TRUE
NATURA COSMETICOS S.A.,Consumo não Cíclico,Produtos de Uso Pessoal e de Limpeza,Produtos de Uso Pessoal,2733853e3,13474e3,-354199e3,NA,TRUE
NEOENERGIA S.A.,Utilidade Pública,Energia Elétrica,Energia Elétrica,1810263e4,509722e3,609719e3,NA,TRUE
NORDON INDUSTRIAS METALURGICAS S.A.,Bens Industriais,Máquinas e Equipamentos,Máq. e Equip. Industriais,-139339e3,-373e3,-3e3,71.121,TRUE
NORTEC QUÍMICA S.A.,Saúde,Medicamentos e Outros Produtos,Medicamentos e Outros Produtos,123935e3,1737e3,-688e3,0,TRUE
NOTRE DAME INTERMEDICA PARTICIPACOES SA,Saúde,Serv.Méd.Hospit..Análises e Diagnósticos,Serv.Méd.Hospit..Análises e Diagnósticos,2449914e3,102842e3,224136e3,NA,TRUE
NUTRIPLANT INDUSTRIA E COMERCIO S.A.,Materiais Básicos,Químicos,Fertilizantes e Defensivos,-23023e3,-1397e3,-986e3,32.014,TRUE
OCTANTE SECURITIZADORA S.A.,Financeiro,Securitizadoras de Recebíveis,Securitizadoras de Recebíveis,365e3,74e3,-58e3,0,TRUE
ODONTOPREV S.A.,Saúde,Serv.Méd.Hospit..Análises e Diagnósticos,Serv.Méd.Hospit..Análises e Diagnósticos,1117812e3,97683e3,74393e3,NA,TRUE
OI S.A.,Telecomunicações,Telecomunicações,Telecomunicações,27430093e3,678763e3,-497499e3,NA,TRUE
OMEGA GERAÇÃO S.A.,Utilidade Pública,Energia Elétrica,Energia Elétrica,198152e4,-23957e3,67507e3,NA,TRUE
OPPORTUNITY ENERGIA E PARTICIPACOES S.A.,Outros,Outros,Outros,25623e3,-3696e3,-42e3,23.88,TRUE
OSX BRASIL S.A.,Petróleo. Gás e Biocombustíveis,Petróleo. Gás e Biocombustíveis,Equipamentos e Serviços,-4118418e3,-104048e3,1451456e3,NA,TRUE
OURINVEST SECURITIZADORA SA,Não Classificados,Não Classificado,Não Classificados,795e3,-197e3,-525e3,826.755,TRUE
OURO FINO SAUDE ANIMAL PARTICIPACOES S.A.,Saúde,Medicamentos e Outros Produtos,Medicamentos e Outros Produtos,450956e3,-5416e3,34268e3,NA,TRUE
OURO VERDE LOCACAO E SERVICO S.A.,Não Classificados,Não Classificado,Não Classificados,89187e3,-22249e3,-14656e3,NA,TRUE
PANATLANTICA S.A.,Materiais Básicos,Siderurgia e Metalurgia,Artefatos de Ferro e Aço,420237e3,6439e3,67008e3,832.841,TRUE
PARANA BCO S.A.,Financeiro,Intermediários Financeiros,Bancos,1421232e3,75746e3,22474e4,0,TRUE
PARANAPANEMA S.A.,Materiais Básicos,Siderurgia e Metalurgia,Artefatos de Cobre,573221e3,-38941e3,5698e3,NA,TRUE
PATRIA CIA SECURITIZADORA DE CRED IMOB,Financeiro,Securitizadoras de Recebíveis,Securitizadoras de Recebíveis,8e3,-75e3,-75e3,0,TRUE
PBG S/A,Bens Industriais,Construção e Engenharia,Produtos para Construção,34431e4,-17205e3,-21294e3,NA,TRUE
PDG COMPANHIA SECURITIZADORA,Financeiro,Securitizadoras de Recebíveis,Securitizadoras de Recebíveis,22019e3,26e3,-374e3,0,TRUE
PDG REALTY S.A. EMPREEND E PARTICIPACOES,Consumo Cíclico,Construção Civil,Incorporações,-424901e4,-244657e3,68086e3,NA,TRUE
PETRO RIO S.A.,Petróleo. Gás e Biocombustíveis,Petróleo. Gás e Biocombustíveis,Exploração. Refino e Distribuição,1032595e3,-53678e3,44927e3,NA,TRUE
PETROBRAS DISTRIBUIDORA S/A,Petróleo. Gás e Biocombustíveis,Petróleo. Gás e Biocombustíveis,Exploração. Refino e Distribuição,10163e6,477e6,1084e6,NA,TRUE
PETROLEO BRASILEIRO S.A. PETROBRAS,Petróleo. Gás e Biocombustíveis,Petróleo. Gás e Biocombustíveis,Exploração. Refino e Distribuição,289031e6,424e7,17749e6,NA,TRUE
PETTENATI S.A. INDUSTRIA TEXTIL,Consumo Cíclico,Tecidos. Vestuário e Calçados,Fios e Tecidos,240264504,22616880,22533362,NA,FALSE
PLASCAR PARTICIPACOES INDUSTRIAIS S.A.,Consumo Cíclico,Automóveis e Motocicletas,Automóveis e Motocicletas,-123048e3,-5767e4,-5686e3,NA,TRUE
POLO CAPITAL SECURITIZADORA S.A,Financeiro,Securitizadoras de Recebíveis,Securitizadoras de Recebíveis,748e3,-52e3,-59e3,0,TRUE
POLPAR S.A.,Outros,Outros,Outros,42419e3,-62e3,-25e3,0,TRUE
POMIFRUTAS S/A,Consumo não Cíclico,Agropecuária,Agricultura,-68246e3,318e3,-726e3,612.122,TRUE
PORTO SEGURO S.A.,Financeiro,Previdência e Seguros,Seguradoras,754046e4,297508e3,-30785e3,NA,TRUE
PORTO SUDESTE V.M. S.A.,Bens Industriais,Transporte,Serviços de Apoio e Armazenagem,38484,-173053,-166149,0,FALSE
POSITIVO TECNOLOGIA S.A.,Tecnologia da Informação,Computadores e Equipamentos,Computadores e Equipamentos,509219e3,-4595e3,8436e3,NA,TRUE
PPLA PARTICIPATIONS LTD.,Financeiro,Serviços Financeiros Diversos,Gestão de Recursos e Investimentos,1182e3,-2227e3,0,NA,TRUE
PRATICA KLIMAQUIP INDUSTRIA E COMERCIO SA,Bens Industriais,Máquinas e Equipamentos,Máq. e Equip. Industriais,40804e3,-475e3,437e3,NA,TRUE
PRINER SERVIÇOS INDUSTRIAIS S.A.,Bens Industriais,Serviços,Serviços Diversos,65624e3,-505e3,4273e3,0,TRUE
PRODUTORES ENERGET.DE MANSO S.A.- PROMAN,Utilidade Pública,Energia Elétrica,Energia Elétrica,11e5,0,779e3,45,TRUE
PROFARMA DISTRIB PROD FARMACEUTICOS S.A.,Saúde,Comércio e Distribuição,Medicamentos e Outros Produtos,983149e3,-8513e3,-32626e3,NA,TRUE
PROMPT PARTICIPACOES S.A.,Outros,Outros,Outros,72824,-76751,-65304,6,FALSE
QUALICORP CONSULTORIA E CORRETORA DE SEGUROS S.A.,Saúde,Serv.Méd.Hospit..Análises e Diagnósticos,Serv.Méd.Hospit..Análises e Diagnósticos,2451556e3,96888e3,286816e3,NA,TRUE
QUALITY SOFTWARE S.A.,Tecnologia da Informação,Programas e Serviços,Programas e Serviços,38417831,511953,-2154060,861.605,FALSE
RAIA DROGASIL S.A.,Saúde,Comércio e Distribuição,Medicamentos e Outros Produtos,3571437e3,90479e3,75125e3,NA,TRUE
RAIZEN ENERGIA S.A.,Consumo não Cíclico,Alimentos Processados,Açucar e Alcool,8338026e3,473022e3,2636573e3,NA,TRUE
RANDON S.A. IMPLEMENTOS E PARTICIPACOES,Bens Industriais,Material de Transporte,Material Rodoviário,20609e5,41664e3,5779e4,NA,TRUE
RB CAPITAL COMPANHIA DE SECURITIZAÇÃO,Financeiro,Securitizadoras de Recebíveis,Securitizadoras de Recebíveis,23997e3,1724e3,776e3,1,TRUE
RB CAPITAL SECURITIZADORA S.A.,Financeiro,Securitizadoras de Recebíveis,Securitizadoras de Recebíveis,7739e3,-884e3,2255e3,0,TRUE
REAL AI PIC SEC DE CREDITOS IMOBILIARIO S.A.,Financeiro,Securitizadoras de Recebíveis,Securitizadoras de Recebíveis,5655e3,1101e3,11449e3,0,TRUE
RECRUSUL S.A.,Bens Industriais,Material de Transporte,Material Rodoviário,-6524e4,-145e4,-3003e3,NA,TRUE
REDE ENERGIA PARTICIPAÇÕES S.A.,Utilidade Pública,Energia Elétrica,Energia Elétrica,5209388e3,283138e3,596392e3,NA,TRUE
REFINARIA DE PETROLEOS MANGUINHOS S.A.,Petróleo. Gás e Biocombustíveis,Petróleo. Gás e Biocombustíveis,Exploração. Refino e Distribuição,-2602643e3,-50182e3,3972e3,NA,TRUE
RENOVA ENERGIA S.A.,Utilidade Pública,Energia Elétrica,Energia Elétrica,-258775e3,-182286e3,-2657e4,NA,TRUE
RESTOQUE COMÉRCIO E CONFECÇÕES DE ROUPAS S.A.,Consumo Cíclico,Comércio,Tecidos. Vestuário e Calçados,2213074e3,-13034e3,-45333e3,NA,TRUE
RGE SUL DISTRIBUIDORA DE ENERGIA S.A.,Utilidade Pública,Energia Elétrica,Energia Elétrica,3897129e3,169786e3,577399e3,0,TRUE
RIO PARANAPANEMA ENERGIA S.A.,Utilidade Pública,Energia Elétrica,Energia Elétrica,1724633e3,8905e4,147055e3,NA,TRUE
RNI NEGÓCIOS IMOBILIÁRIOS S.A.,Consumo Cíclico,Construção Civil,Incorporações,615709e3,-10687e3,-14943e3,NA,TRUE
RODOVIAS DAS COLINAS S.A.,Bens Industriais,Transporte,Exploração de Rodovias,556627e3,42424e3,76152e3,NA,TRUE
ROSSI RESIDENCIAL S.A.,Consumo Cíclico,Construção Civil,Incorporações,-330213e3,-84828e3,28292e3,NA,TRUE
RUMO MALHA NORTE S.A.,Bens Industriais,Transporte,Transporte Ferroviário,367789e4,16332e4,397634e3,NA,TRUE
RUMO MALHA PAULISTA S.A.,Bens Industriais,Transporte,Transporte Ferroviário,-267353e3,-29395e3,190999e3,0,TRUE
RUMO S.A.,Bens Industriais,Transporte,Transporte Ferroviário,7790322e3,26895e3,521872e3,NA,TRUE
SALUS INFRAESTRUTURA PORTUARIA SA,Bens Industriais,Transporte,Serviços de Apoio e Armazenagem,-11346e3,-10851e3,-2043e3,4.2,TRUE
SANESALTO SANEAMENTO S.A.,Utilidade Pública,água e Saneamento,água e Saneamento,-444e3,391e3,4113e3,0,TRUE
SANSUY S.A. INDUSTRIA DE PLASTICOS,Materiais Básicos,Materiais Diversos,Materiais Diversos,-1102007e3,-48274e3,457e3,192.91,TRUE
SANTHER FAB DE PAPEL STA THEREZINHA S.A.,Materiais Básicos,Madeira e Papel,Papel e Celulose,28714e3,22095e3,11242e3,0,TRUE
SANTO ANTONIO ENERGIA S.A.,Utilidade Pública,Energia Elétrica,Energia Elétrica,4117611e3,-76059e3,59849e3,0,TRUE
SANTOS BRASIL PARTICIPACOES S.A.,Bens Industriais,Transporte,Serviços de Apoio e Armazenagem,1337187e3,-9054e3,21893e3,NA,TRUE
SAO CARLOS EMPREEND E PARTICIPACOES S.A.,Financeiro,Exploração de Imóveis,Exploração de Imóveis,1414168e3,6089e3,1411e4,NA,TRUE
SAO MARTINHO S.A.,Consumo não Cíclico,Alimentos Processados,Açucar e Alcool,339101e4,314045e3,1680974e3,NA,TRUE
SAO PAULO TURISMO S.A.,Consumo Cíclico,Viagens e Lazer,Produção de Eventos e Shows,17342e3,-22784e3,-6126e3,277.159,TRUE
SARAIVA LIVREIROS S.A. - EM RECUPERAÇÃO JUDICIAL,Consumo Cíclico,Comércio,Produtos Diversos,57088e3,-63842e3,-22576e3,NA,TRUE
SCHULZ S.A.,Bens Industriais,Máquinas e Equipamentos,Motores . Compressores e Outros,559067e3,18504e3,23104e3,NA,TRUE
SER EDUCACIONAL S.A.,Consumo Cíclico,Diversos,Serviços Educacionais,1526635e3,56092e3,1659e4,NA,TRUE
SIDERURGICA J. L. ALIPERTI S.A.,Consumo não Cíclico,Agropecuária,Agricultura,22922e4,-1681e3,-3103e3,9.166,TRUE
SINQIA S.A.,Tecnologia da Informação,Programas e Serviços,Programas e Serviços,82915e3,-2341e3,-9323e3,NA,TRUE
SLC AGRICOLA S.A.,Consumo não Cíclico,Agropecuária,Agricultura,2896615e3,111381e3,-82378e3,NA,TRUE
SMARTFIT ESCOLA DE GINÁSTICA E DANÇA S.A.,Consumo Cíclico,Viagens e Lazer,Atividades Esportivas,1219667e3,-1002e3,129862e3,0,TRUE
SMILES FIDELIDADE S.A.,Consumo Cíclico,Diversos,Programas de Fidelização,1139849e3,141914e3,389124e3,NA,TRUE
SONAE SIERRA BRASIL S.A.,Financeiro,Exploração de Imóveis,Exploração de Imóveis,3937421e3,46984e3,37028e3,NA,TRUE
SONDOTECNICA ENGENHARIA SOLOS S.A.,Bens Industriais,Construção e Engenharia,Engenharia Consultiva,61014e3,-98e3,-1258e3,884.008,TRUE
SPRINGER S.A.,Financeiro,Holdings Diversificadas,Holdings Diversificadas,38251e3,-2191e3,-295e3,317.644,TRUE
SPRINGS GLOBAL PARTICIPACOES S.A.,Consumo Cíclico,Tecidos. Vestuário e Calçados,Fios e Tecidos,1481926e3,15938e4,-23603e3,NA,TRUE
STARA S.A. - INDÚSTRIA DE IMPLEMENTOS AGRÍCOLAS,Bens Industriais,Máquinas e Equipamentos,Máq. e Equip. Construção e Agrícolas,448345e3,14161e3,-20995e3,NA,TRUE
STATKRAFT ENERGIAS RENOVAVEIS S.A.,Utilidade Pública,Energia Elétrica,Energia Elétrica,1244045e3,1755e4,4145e4,0,TRUE
SUDESTE S.A.,Outros,Outros,Outros,66923,-76490,-70091,3,FALSE
SUL 116 PARTICIPACOES S.A.,Outros,Outros,Outros,10861e3,-95e3,-45e3,0,TRUE
SUL AMERICA S.A.,Financeiro,Previdência e Seguros,Seguradoras,650811e4,22333e4,222708e3,NA,TRUE
SUZANO HOLDING S.A.,Materiais Básicos,Madeira e Papel,Papel e Celulose,20382296e3,-1230258e3,742033e3,0,TRUE
SUZANO S.A.,Materiais Básicos,Madeira e Papel,Papel e Celulose,20353352e3,-1229132e3,744336e3,NA,TRUE
T4F ENTRETENIMENTO S.A.,Consumo Cíclico,Viagens e Lazer,Produção de Eventos e Shows,311331e3,-34285e3,64249e3,NA,TRUE
TARPON INVESTIMENTOS S.A.,Financeiro,Serviços Financeiros Diversos,Gestão de Recursos e Investimentos,59358e3,129e5,-17886e3,NA,TRUE
TAURUS ARMAS S.A.,Bens Industriais,Máquinas e Equipamentos,Armas e Munições,-359933e3,4048e3,28616e3,NA,TRUE
TCP TERMINAL DE CONTEINERES DE PARANAGUA SA,Não Classificados,Não Classificado,Não Classificados,244432e3,-1497e3,36754e3,0,TRUE
TEC TOY S.A.,Consumo Cíclico,Viagens e Lazer,Brinquedos e Jogos,-13852e3,-2697e3,4226e3,NA,TRUE
TECHNOS S.A.,Consumo Cíclico,Tecidos. Vestuário e Calçados,Acessórios,456157e3,-9931e3,7942e3,NA,TRUE
TECNISA S.A.,Consumo Cíclico,Construção Civil,Incorporações,780881e3,-1624e3,74612e3,NA,TRUE
TECNOSOLO ENGENHARIA S.A.,Bens Industriais,Construção e Engenharia,Engenharia Consultiva,553e3,-582e3,45e3,NA,TRUE
TEGMA GESTAO LOGISTICA S.A.,Bens Industriais,Transporte,Transporte Rodoviário,511005e3,26621e3,55636e3,NA,TRUE
TEKA-TECELAGEM KUEHNRICH S.A.,Consumo Cíclico,Tecidos. Vestuário e Calçados,Fios e Tecidos,-147097e4,-35846e3,3942e3,0,TRUE
TEKNO S.A. - INDUSTRIA E COMERCIO,Materiais Básicos,Siderurgia e Metalurgia,Artefatos de Ferro e Aço,172108e3,-1267e3,-2872e3,310.036,TRUE
TELEC BRASILEIRAS S.A. TELEBRAS,Telecomunicações,Telecomunicações,Telecomunicações,2529e5,-116885e3,-50879e3,NA,TRUE
TELEFÔNICA BRASIL S.A,Telecomunicações,Telecomunicações,Telecomunicações,72247696e3,1342142e3,3516599e3,NA,TRUE
TERMELÉTRICA PERNAMBUCO III S.A.,Utilidade Pública,Energia Elétrica,Energia Elétrica,-238471e3,-19887e3,8034e3,0,TRUE
TERMINAL GARAGEM MENEZES CORTES S.A.,Financeiro,Exploração de Imóveis,Exploração de Imóveis,119567e3,1118e3,1897e3,0,TRUE
TERMOPERNAMBUCO S.A.,Utilidade Pública,Energia Elétrica,Energia Elétrica,822613e3,30673e3,66482e3,0,TRUE
TERRA SANTA AGRO S.A.,Consumo não Cíclico,Agropecuária,Agricultura,956644e3,-5324e3,61425e3,NA,TRUE
TEXTIL RENAUXVIEW S.A.,Consumo Cíclico,Tecidos. Vestuário e Calçados,Fios e Tecidos,-302078e3,10722e3,6239e3,NA,TRUE
TIM PARTICIPACOES S.A.,Telecomunicações,Telecomunicações,Telecomunicações,19919114e3,120034e3,295808e3,NA,TRUE
TOTVS S.A.,Tecnologia da Informação,Programas e Serviços,Programas e Serviços,130701e4,12118e3,41495e3,NA,TRUE
TPI - TRIUNFO PARTICIP. E INVEST. S.A.,Bens Industriais,Transporte,Exploração de Rodovias,918089e3,-50627e3,89404e3,NA,TRUE
TRANSMISSORA ALIANÇA DE ENERGIA ELÉTRICA S.A.,Utilidade Pública,Energia Elétrica,Energia Elétrica,4731634e3,159582e3,185827e3,NA,TRUE
TREVISA INVESTIMENTOS S.A.,Bens Industriais,Transporte,Transporte Hidroviário,106875e3,1758e3,4066e3,NA,TRUE
TRIÂNGULO DO SOL AUTO-ESTRADAS S.A.,Bens Industriais,Transporte,Exploração de Rodovias,405671e3,48426e3,73505e3,610,TRUE
TRISUL S.A.,Consumo Cíclico,Construção Civil,Incorporações,634e6,28949e3,27942e3,NA,TRUE
TRUE SECURITIZADORA S.A.,Financeiro,Securitizadoras de Recebíveis,Securitizadoras de Recebíveis,3198e3,691e3,836e3,0,TRUE
TUPY S.A.,Bens Industriais,Material de Transporte,Material Rodoviário,218297e4,80442e3,-6161e3,NA,TRUE
ULTRAPAR PARTICIPACOES S.A.,Petróleo. Gás e Biocombustíveis,Petróleo. Gás e Biocombustíveis,Exploração. Refino e Distribuição,9929929e3,242553e3,462403e3,NA,TRUE
UNICASA INDÚSTRIA DE MÓVEIS S.A.,Consumo Cíclico,Utilidades Domésticas,Móveis,174239e3,2973e3,11297e3,NA,TRUE
UNIDAS S.A.,Consumo Cíclico,Diversos,Aluguel de carros,1293411e3,46289e3,-182717e3,0,TRUE
UNIPAR CARBOCLORO S.A.,Materiais Básicos,Químicos,Químicos Diversos,1463524e3,56189e3,163449e3,NA,TRUE
UPTICK PARTICIPACOES S.A.,Utilidade Pública,Energia Elétrica,Energia Elétrica,85704e3,3209e3,-31e3,0,TRUE
USINAS SID DE MINAS GERAIS S.A.-USIMINAS,Materiais Básicos,Siderurgia e Metalurgia,Siderurgia,15766722e3,76278e3,53091e4,NA,TRUE
VALE S.A.,Materiais Básicos,Mineração,Minerais Metálicos,168260063e3,-6545616e3,8261387e3,NA,TRUE
VALID SOLUÇÕES S.A.,Bens Industriais,Serviços,Serviços Diversos,1101802e3,14093e3,43412e3,NA,TRUE
VERT COMPANHIA SECURITIZADORA,Financeiro,Securitizadoras de Recebíveis,Securitizadoras de Recebíveis,114e4,-125e3,-351e3,0,TRUE
VIA VAREJO S.A.,Consumo Cíclico,Comércio,Eletrodomésticos,1958e6,-49e6,-1935e6,NA,TRUE
VIVER INCORPORADORA E CONSTRUTORA S.A.,Consumo Cíclico,Construção Civil,Incorporações,66512e3,-14823e3,-1636e4,NA,TRUE
VULCABRAS/AZALEIA S.A.,Consumo Cíclico,Tecidos. Vestuário e Calçados,Calçados,967995e3,26183e3,76825e3,NA,TRUE
WEG S.A.,Bens Industriais,Máquinas e Equipamentos,Motores . Compressores e Outros,7923152e3,308207e3,53268e3,NA,TRUE
WETZEL S.A.,Bens Industriais,Material de Transporte,Material Rodoviário,-177945e3,-7144e3,-2496e3,0,TRUE
WHIRLPOOL S.A.,Consumo Cíclico,Utilidades Domésticas,Eletrodomésticos,2550754e3,34855e4,111538e3,NA,TRUE
WILSON SONS LTD.,Bens Industriais,Transporte,Serviços de Apoio e Armazenagem,203213e4,23744e3,100288e3,NA,TRUE
WIZ SOLUÇÕES E CORRETAGEM DE SEGUROS S.A.,Financeiro,Previdência e Seguros,Corretoras de Seguros,233498e3,5663e4,68669e3,NA,TRUE
WLM PART. E COMÉRCIO DE MÁQUINAS E VEÍCULOS S.A.,Bens Industriais,Comércio,Material de Transporte,395292e3,6628e3,-2681e3,NA,TRUE
524 PARTICIPACOES S.A.,Outros,Outros,Outros,117e3,-75e3,-7e4,910,TRUE
